quarterbeats	duration_qb	mc	mn	mc_onset	mn_onset	timesig	staff	voice	duration	nominal_duration	scalar	tied	tpc	midi	chord_id
0	0.3333333333333333	1	1	0	0	4/4	2	1	1/12	1/8	2/3		7	61	6
1/3	0.3333333333333333	1	1	1/12	1/12	4/4	2	1	1/12	1/8	2/3		4	64	7
2/3	0.3333333333333333	1	1	1/6	1/6	4/4	2	1	1/12	1/8	2/3		3	69	8
1	0.3333333333333333	1	1	1/4	1/4	4/4	1	1	1/12	1/8	2/3		7	73	0
4/3	0.3333333333333333	1	1	1/3	1/3	4/4	1	1	1/12	1/8	2/3		4	76	1
5/3	0.3333333333333333	1	1	5/12	5/12	4/4	1	1	1/12	1/8	2/3		6	78	2
2	0.3333333333333333	1	1	1/2	1/2	4/4	1	1	1/12	1/8	2/3		8	80	3
7/3	0.3333333333333333	1	1	7/12	7/12	4/4	1	1	1/12	1/8	2/3		9	75	4
8/3	0.3333333333333333	1	1	2/3	2/3	4/4	1	1	1/12	1/8	2/3		5	71	5
3	0.3333333333333333	1	1	3/4	3/4	4/4	2	1	1/12	1/8	2/3		8	68	9
10/3	0.3333333333333333	1	1	5/6	5/6	4/4	2	1	1/12	1/8	2/3		9	63	10
11/3	0.3333333333333333	1	1	11/12	11/12	4/4	2	1	1/12	1/8	2/3		5	59	11
4	0.3333333333333333	2	2	0	0	4/4	2	1	1/12	1/8	2/3		3	57	18
13/3	0.3333333333333333	2	2	1/12	1/12	4/4	2	1	1/12	1/8	2/3		7	61	19
14/3	0.3333333333333333	2	2	1/6	1/6	4/4	2	1	1/12	1/8	2/3		6	66	20
5	0.3333333333333333	2	2	1/4	1/4	4/4	1	1	1/12	1/8	2/3		3	69	12
16/3	0.3333333333333333	2	2	1/3	1/3	4/4	1	1	1/12	1/8	2/3		7	73	13
17/3	0.3333333333333333	2	2	5/12	5/12	4/4	1	1	1/12	1/8	2/3		9	75	14
6	0.3333333333333333	2	2	1/2	1/2	4/4	1	1	1/12	1/8	2/3		4	76	15
19/3	0.3333333333333333	2	2	7/12	7/12	4/4	1	1	1/12	1/8	2/3		5	71	16
20/3	0.3333333333333333	2	2	2/3	2/3	4/4	1	1	1/12	1/8	2/3		8	68	17
7	0.3333333333333333	2	2	3/4	3/4	4/4	2	1	1/12	1/8	2/3		4	64	21
22/3	0.3333333333333333	2	2	5/6	5/6	4/4	2	1	1/12	1/8	2/3		5	59	22
23/3	0.3333333333333333	2	2	11/12	11/12	4/4	2	1	1/12	1/8	2/3		8	56	23
8	0.3333333333333333	3	3	0	0	4/4	2	1	1/12	1/8	2/3		6	54	34
8	2.0	3	3	0	0	4/4	2	2	1/2	1/2	1		6	54	42
25/3	0.3333333333333333	3	3	1/12	1/12	4/4	2	1	1/12	1/8	2/3		3	57	35
26/3	0.3333333333333333	3	3	1/6	1/6	4/4	2	1	1/12	1/8	2/3	1	7	61	36
9	1.0	3	3	1/4	1/4	4/4	2	1	1/4	1/4	1	-1	7	61	37
9	0.3333333333333333	3	3	1/4	1/4	4/4	1	2	1/12	1/8	2/3		7	73	27
9	1.0	3	3	1/4	1/4	4/4	1	1	1/4	1/4	1		7	73	24
28/3	0.3333333333333333	3	3	1/3	1/3	4/4	1	2	1/12	1/8	2/3		6	66	28
29/3	0.3333333333333333	3	3	5/12	5/12	4/4	1	2	1/12	1/8	2/3	1	3	69	29
10	0.3333333333333333	3	3	1/2	1/2	4/4	2	1	1/12	1/8	2/3		4	52	38
10	2.0	3	3	1/2	1/2	4/4	2	2	1/2	1/2	1		4	52	43
10	1.0	3	3	1/2	1/2	4/4	1	2	1/4	1/4	1	-1	3	69	30
10	1.0	3	3	1/2	1/2	4/4	1	1	1/4	1/4	1		6	78	25
31/3	0.3333333333333333	3	3	7/12	7/12	4/4	2	1	1/12	1/8	2/3		3	57	39
32/3	0.3333333333333333	3	3	2/3	2/3	4/4	2	1	1/12	1/8	2/3	1	7	61	40
11	1.0	3	3	3/4	3/4	4/4	2	1	1/4	1/4	1	-1	7	61	41
11	0.3333333333333333	3	3	3/4	3/4	4/4	1	2	1/12	1/8	2/3		7	73	31
11	1.0	3	3	3/4	3/4	4/4	1	1	1/4	1/4	1	1	7	73	26
34/3	0.3333333333333333	3	3	5/6	5/6	4/4	1	2	1/12	1/8	2/3		6	66	32
35/3	0.3333333333333333	3	3	11/12	11/12	4/4	1	2	1/12	1/8	2/3	1	3	69	33
12	0.3333333333333333	4	4	0	0	4/4	2	1	1/12	1/8	2/3		9	51	56
12	2.0	4	4	0	0	4/4	2	2	1/2	1/2	1		9	51	64
12	1.0	4	4	0	0	4/4	1	2	1/4	1/4	1	-1	3	69	48
12	1.0	4	4	0	0	4/4	1	1	1/4	1/4	1	-1	7	73	44
37/3	0.3333333333333333	4	4	1/12	1/12	4/4	2	1	1/12	1/8	2/3		3	57	57
38/3	0.3333333333333333	4	4	1/6	1/6	4/4	2	1	1/12	1/8	2/3	1	7	61	58
13	1.0	4	4	1/4	1/4	4/4	2	1	1/4	1/4	1	-1	7	61	59
13	0.3333333333333333	4	4	1/4	1/4	4/4	1	2	1/12	1/8	2/3		7	73	49
13	1.0	4	4	1/4	1/4	4/4	1	1	1/4	1/4	1		7	73	45
40/3	0.3333333333333333	4	4	1/3	1/3	4/4	1	2	1/12	1/8	2/3		6	66	50
41/3	0.3333333333333333	4	4	5/12	5/12	4/4	1	2	1/12	1/8	2/3	1	3	69	51
14	0.3333333333333333	4	4	1/2	1/2	4/4	2	1	1/12	1/8	2/3		7	49	60
14	2.0	4	4	1/2	1/2	4/4	2	2	1/2	1/2	1		7	49	65
14	1.0	4	4	1/2	1/2	4/4	1	2	1/4	1/4	1	-1	3	69	52
14	1.0	4	4	1/2	1/2	4/4	1	1	1/4	1/4	1		6	78	46
43/3	0.3333333333333333	4	4	7/12	7/12	4/4	2	1	1/12	1/8	2/3		3	57	61
44/3	0.3333333333333333	4	4	2/3	2/3	4/4	2	1	1/12	1/8	2/3	1	4	64	62
15	1.0	4	4	3/4	3/4	4/4	2	1	1/4	1/4	1	-1	4	64	63
15	0.3333333333333333	4	4	3/4	3/4	4/4	1	2	1/12	1/8	2/3		3	81	53
15	1.0	4	4	3/4	3/4	4/4	1	1	1/4	1/4	1	1	3	81	47
46/3	0.3333333333333333	4	4	5/6	5/6	4/4	1	2	1/12	1/8	2/3		3	69	54
47/3	0.3333333333333333	4	4	11/12	11/12	4/4	1	2	1/12	1/8	2/3		7	73	55
16	0.3333333333333333	5	5	0	0	4/4	2	1	1/12	1/8	2/3		5	47	71
16	1.0	5	5	0	0	4/4	1	1	1/4	1/4	1	-1	3	81	66
49/3	0.3333333333333333	5	5	1/12	1/12	4/4	2	1	1/12	1/8	2/3		6	54	72
50/3	0.3333333333333333	5	5	1/6	1/6	4/4	2	1	1/12	1/8	2/3		3	57	73
17	0.3333333333333333	5	5	1/4	1/4	4/4	2	1	1/12	1/8	2/3		7	61	74
17	2.0	5	5	1/4	1/4	4/4	1	1	1/2	1/2	1	1	3	81	67
52/3	0.3333333333333333	5	5	1/3	1/3	4/4	2	1	1/12	1/8	2/3		9	63	75
53/3	0.3333333333333333	5	5	5/12	5/12	4/4	2	1	1/12	1/8	2/3		6	66	76
18	0.3333333333333333	5	5	1/2	1/2	4/4	2	1	1/12	1/8	2/3		3	69	77
55/3	0.3333333333333333	5	5	7/12	7/12	4/4	2	1	1/12	1/8	2/3		7	73	78
56/3	0.3333333333333333	5	5	2/3	2/3	4/4	2	1	1/12	1/8	2/3		9	75	79
19	0.3333333333333333	5	5	3/4	3/4	4/4	2	1	1/12	1/8	2/3		7	73	80
19	0.3333333333333333	5	5	3/4	3/4	4/4	1	1	1/12	1/8	2/3	-1	3	81	68
58/3	0.3333333333333333	5	5	5/6	5/6	4/4	2	1	1/12	1/8	2/3		5	71	81
58/3	0.3333333333333333	5	5	5/6	5/6	4/4	1	1	1/12	1/8	2/3		8	80	69
59/3	0.3333333333333333	5	5	11/12	11/12	4/4	2	1	1/12	1/8	2/3		3	69	82
59/3	0.3333333333333333	5	5	11/12	11/12	4/4	1	1	1/12	1/8	2/3		6	78	70
20	0.5	6	6	0	0	4/4	2	1	1/8	1/8	1		4	40	92
41/2	0.5	6	6	1/8	1/8	4/4	2	1	1/8	1/8	1		5	47	93
21	0.5	6	6	1/4	1/4	4/4	2	1	1/8	1/8	1		4	52	94
21	0.3333333333333333	6	6	1/4	1/4	4/4	1	1	1/12	1/8	2/3		4	76	83
64/3	0.3333333333333333	6	6	1/3	1/3	4/4	1	1	1/12	1/8	2/3		6	78	84
43/2	0.5	6	6	3/8	3/8	4/4	2	1	1/8	1/8	1		8	56	95
65/3	0.3333333333333333	6	6	5/12	5/12	4/4	1	1	1/12	1/8	2/3		7	73	85
22	0.5	6	6	1/2	1/2	4/4	2	1	1/8	1/8	1		5	59	96
22	0.3333333333333333	6	6	1/2	1/2	4/4	1	1	1/12	1/8	2/3		4	76	86
67/3	0.3333333333333333	6	6	7/12	7/12	4/4	1	1	1/12	1/8	2/3		5	71	87
45/2	0.5	6	6	5/8	5/8	4/4	2	1	1/8	1/8	1		8	56	97
68/3	0.3333333333333333	6	6	2/3	2/3	4/4	1	1	1/12	1/8	2/3		7	73	88
23	0.5	6	6	3/4	3/4	4/4	2	1	1/8	1/8	1		4	52	98
23	0.3333333333333333	6	6	3/4	3/4	4/4	1	1	1/12	1/8	2/3		8	68	89
70/3	0.3333333333333333	6	6	5/6	5/6	4/4	1	1	1/12	1/8	2/3		5	71	90
47/2	0.5	6	6	7/8	7/8	4/4	2	1	1/8	1/8	1		5	47	99
71/3	0.3333333333333333	6	6	11/12	11/12	4/4	1	1	1/12	1/8	2/3		6	66	91
24	0.5	7	7	0	0	4/4	2	1	1/8	1/8	1		4	40	105
24	0.3333333333333333	7	7	0	0	4/4	1	1	1/12	1/8	2/3		8	68	100
73/3	0.3333333333333333	7	7	1/12	1/12	4/4	1	1	1/12	1/8	2/3		4	64	101
49/2	0.5	7	7	1/8	1/8	4/4	2	1	1/8	1/8	1		7	49	106
74/3	0.3333333333333333	7	7	1/6	1/6	4/4	1	1	1/12	1/8	2/3		8	68	102
25	0.5	7	7	1/4	1/4	4/4	2	1	1/8	1/8	1		4	52	107
25	2.0	7	7	1/4	1/4	4/4	1	1	1/2	1/2	1		9	63	103
51/2	0.5	7	7	3/8	3/8	4/4	2	1	1/8	1/8	1		8	56	108
26	0.5	7	7	1/2	1/2	4/4	2	1	1/8	1/8	1		7	61	109
53/2	0.5	7	7	5/8	5/8	4/4	2	1	1/8	1/8	1		8	56	110
27	0.5	7	7	3/4	3/4	4/4	2	1	1/8	1/8	1		4	52	111
27	1.0	7	7	3/4	3/4	4/4	1	1	1/4	1/4	1		7	61	104
55/2	0.5	7	7	7/8	7/8	4/4	2	1	1/8	1/8	1		7	49	112
28	0.5	8	8	0	0	4/4	2	1	1/8	1/8	1		4	40	123
28	0.5	8	8	0	0	4/4	1	1	1/8	1/8	1		5	59	113
57/2	0.5	8	8	1/8	1/8	4/4	2	1	1/8	1/8	1		5	47	124
29	0.5	8	8	1/4	1/4	4/4	2	1	1/8	1/8	1		4	52	125
29	0.3333333333333333	8	8	1/4	1/4	4/4	1	1	1/12	1/8	2/3		4	76	114
88/3	0.3333333333333333	8	8	1/3	1/3	4/4	1	1	1/12	1/8	2/3		6	78	115
59/2	0.5	8	8	3/8	3/8	4/4	2	1	1/8	1/8	1		8	56	126
89/3	0.3333333333333333	8	8	5/12	5/12	4/4	1	1	1/12	1/8	2/3		7	73	116
30	0.5	8	8	1/2	1/2	4/4	2	1	1/8	1/8	1		5	59	127
30	0.3333333333333333	8	8	1/2	1/2	4/4	1	1	1/12	1/8	2/3		4	76	117
91/3	0.3333333333333333	8	8	7/12	7/12	4/4	1	1	1/12	1/8	2/3		5	71	118
61/2	0.5	8	8	5/8	5/8	4/4	2	1	1/8	1/8	1		8	56	128
92/3	0.3333333333333333	8	8	2/3	2/3	4/4	1	1	1/12	1/8	2/3		7	73	119
31	0.5	8	8	3/4	3/4	4/4	2	1	1/8	1/8	1		4	52	129
31	0.3333333333333333	8	8	3/4	3/4	4/4	1	1	1/12	1/8	2/3		8	68	120
94/3	0.3333333333333333	8	8	5/6	5/6	4/4	1	1	1/12	1/8	2/3		5	71	121
63/2	0.5	8	8	7/8	7/8	4/4	2	1	1/8	1/8	1		5	47	130
95/3	0.3333333333333333	8	8	11/12	11/12	4/4	1	1	1/12	1/8	2/3		6	66	122
32	0.5	9	9	0	0	4/4	2	1	1/8	1/8	1		4	40	136
32	0.3333333333333333	9	9	0	0	4/4	1	1	1/12	1/8	2/3		8	68	131
97/3	0.3333333333333333	9	9	1/12	1/12	4/4	1	1	1/12	1/8	2/3		4	64	132
65/2	0.5	9	9	1/8	1/8	4/4	2	1	1/8	1/8	1		7	49	137
98/3	0.3333333333333333	9	9	1/6	1/6	4/4	1	1	1/12	1/8	2/3		8	68	133
33	0.5	9	9	1/4	1/4	4/4	2	1	1/8	1/8	1		4	52	138
33	2.0	9	9	1/4	1/4	4/4	1	1	1/2	1/2	1		9	63	134
67/2	0.5	9	9	3/8	3/8	4/4	2	1	1/8	1/8	1		8	56	139
34	0.5	9	9	1/2	1/2	4/4	2	1	1/8	1/8	1		7	61	140
69/2	0.5	9	9	5/8	5/8	4/4	2	1	1/8	1/8	1		8	56	141
35	0.5	9	9	3/4	3/4	4/4	2	1	1/8	1/8	1		4	52	142
35	1.0	9	9	3/4	3/4	4/4	1	1	1/4	1/4	1		7	61	135
71/2	0.5	9	9	7/8	7/8	4/4	2	1	1/8	1/8	1		7	49	143
36	0.5	10	10	0	0	4/4	2	1	1/8	1/8	1		6	42	152
36	0.3333333333333333	10	10	0	0	4/4	1	1	1/12	1/8	2/3		5	59	144
109/3	0.3333333333333333	10	10	1/12	1/12	4/4	1	1	1/12	1/8	2/3		3	57	145
73/2	0.5	10	10	1/8	1/8	4/4	2	1	1/8	1/8	1		7	49	153
110/3	0.3333333333333333	10	10	1/6	1/6	4/4	1	1	1/12	1/8	2/3		5	59	146
37	0.5	10	10	1/4	1/4	4/4	2	1	1/8	1/8	1		4	52	154
37	1.0	10	10	1/4	1/4	4/4	1	1	1/4	1/4	1	1	7	61	147
75/2	0.5	10	10	3/8	3/8	4/4	2	1	1/8	1/8	1		6	54	155
38	0.5	10	10	1/2	1/2	4/4	2	1	1/8	1/8	1		3	57	156
38	0.5	10	10	1/2	1/2	4/4	1	1	1/8	1/8	1	-1	7	61	148
77/2	0.5	10	10	5/8	5/8	4/4	2	1	1/8	1/8	1		6	54	157
77/2	0.5	10	10	5/8	5/8	4/4	1	1	1/8	1/8	1		4	64	149
39	0.5	10	10	3/4	3/4	4/4	2	1	1/8	1/8	1		4	52	158
39	0.5	10	10	3/4	3/4	4/4	1	1	1/8	1/8	1		9	63	150
79/2	0.5	10	10	7/8	7/8	4/4	2	1	1/8	1/8	1		7	49	159
79/2	0.5	10	10	7/8	7/8	4/4	1	1	1/8	1/8	1		4	64	151
40	0.5	11	11	0	0	4/4	2	1	1/8	1/8	1		8	44	163
40	1.0	11	11	0	0	4/4	1	1	1/4	1/4	1		7	61	160
81/2	0.5	11	11	1/8	1/8	4/4	2	1	1/8	1/8	1		7	49	164
41	0.5	11	11	1/4	1/4	4/4	2	1	1/8	1/8	1		4	52	165
41	2.0	11	11	1/4	1/4	4/4	1	1	1/2	1/2	1		8	68	161
83/2	0.5	11	11	3/8	3/8	4/4	2	1	1/8	1/8	1		8	56	166
42	0.5	11	11	1/2	1/2	4/4	2	1	1/8	1/8	1		5	59	167
85/2	0.5	11	11	5/8	5/8	4/4	2	1	1/8	1/8	1		8	56	168
43	0.5	11	11	3/4	3/4	4/4	2	1	1/8	1/8	1		4	52	169
43	1.0	11	11	3/4	3/4	4/4	1	1	1/4	1/4	1		4	64	162
87/2	0.5	11	11	7/8	7/8	4/4	2	1	1/8	1/8	1		7	49	170
44	0.5	12	12	0	0	4/4	2	1	1/8	1/8	1		3	45	179
44	0.3333333333333333	12	12	0	0	4/4	1	1	1/12	1/8	2/3		9	63	171
133/3	0.3333333333333333	12	12	1/12	1/12	4/4	1	1	1/12	1/8	2/3		7	61	172
89/2	0.5	12	12	1/8	1/8	4/4	2	1	1/8	1/8	1		4	52	180
134/3	0.3333333333333333	12	12	1/6	1/6	4/4	1	1	1/12	1/8	2/3		9	63	173
45	0.5	12	12	1/4	1/4	4/4	2	1	1/8	1/8	1		6	54	181
45	1.0	12	12	1/4	1/4	4/4	1	1	1/4	1/4	1	1	4	64	174
91/2	0.5	12	12	3/8	3/8	4/4	2	1	1/8	1/8	1		3	57	182
46	0.5	12	12	1/2	1/2	4/4	2	1	1/8	1/8	1		7	61	183
46	0.5	12	12	1/2	1/2	4/4	1	1	1/8	1/8	1	-1	4	64	175
93/2	0.5	12	12	5/8	5/8	4/4	2	1	1/8	1/8	1		3	57	184
93/2	0.5	12	12	5/8	5/8	4/4	1	1	1/8	1/8	1		8	68	176
47	0.5	12	12	3/4	3/4	4/4	2	1	1/8	1/8	1		6	54	185
47	0.5	12	12	3/4	3/4	4/4	1	1	1/8	1/8	1		6	66	177
95/2	0.5	12	12	7/8	7/8	4/4	2	1	1/8	1/8	1		4	52	186
95/2	0.5	12	12	7/8	7/8	4/4	1	1	1/8	1/8	1		8	68	178
48	0.5	13	13	0	0	4/4	2	1	1/8	1/8	1		10	46	192
48	1.0	13	13	0	0	4/4	1	1	1/4	1/4	1		4	64	187
97/2	0.5	13	13	1/8	1/8	4/4	2	1	1/8	1/8	1		4	52	193
49	0.5	13	13	1/4	1/4	4/4	2	1	1/8	1/8	1		8	56	194
49	2.0	13	13	1/4	1/4	4/4	1	1	1/2	1/2	1		7	73	188
99/2	0.5	13	13	3/8	3/8	4/4	2	1	1/8	1/8	1		7	61	195
50	0.5	13	13	1/2	1/2	4/4	2	1	1/8	1/8	1		7	49	196
101/2	0.5	13	13	5/8	5/8	4/4	2	1	1/8	1/8	1		6	54	197
51	0.5	13	13	3/4	3/4	4/4	2	1	1/8	1/8	1		10	58	198
51	0.3333333333333333	13	13	3/4	3/4	4/4	1	1	1/12	1/8	2/3		10	70	189
154/3	0.3333333333333333	13	13	5/6	5/6	4/4	1	1	1/12	1/8	2/3		7	73	190
103/2	0.5	13	13	7/8	7/8	4/4	2	1	1/8	1/8	1		4	64	199
155/3	0.3333333333333333	13	13	11/12	11/12	4/4	1	1	1/12	1/8	2/3		10	70	191
52	0.5	14	14	0	0	4/4	2	1	1/8	1/8	1		4	52	205
52	1.0	14	14	0	0	4/4	1	1	1/4	1/4	1		8	68	200
105/2	0.5	14	14	1/8	1/8	4/4	2	1	1/8	1/8	1		10	58	206
53	0.5	14	14	1/4	1/4	4/4	2	1	1/8	1/8	1		7	61	207
53	2.0	14	14	1/4	1/4	4/4	1	1	1/2	1/2	1		4	76	201
107/2	0.5	14	14	3/8	3/8	4/4	2	1	1/8	1/8	1		8	68	208
54	0.5	14	14	1/2	1/2	4/4	2	1	1/8	1/8	1		6	54	209
109/2	0.5	14	14	5/8	5/8	4/4	2	1	1/8	1/8	1		7	61	210
55	0.5	14	14	3/4	3/4	4/4	2	1	1/8	1/8	1		4	64	211
55	0.3333333333333333	14	14	3/4	3/4	4/4	1	1	1/12	1/8	2/3		7	73	202
166/3	0.3333333333333333	14	14	5/6	5/6	4/4	1	1	1/12	1/8	2/3		4	76	203
111/2	0.5	14	14	7/8	7/8	4/4	2	1	1/8	1/8	1		10	70	212
167/3	0.3333333333333333	14	14	11/12	11/12	4/4	1	1	1/12	1/8	2/3		7	73	204
56	0.5	15	15	0	0	4/4	2	1	1/8	1/8	1		10	58	217
56	1.5	15	15	0	0	4/4	1	1	3/8	1/4	3/2		8	80	213
113/2	0.5	15	15	1/8	1/8	4/4	2	1	1/8	1/8	1		4	64	218
57	0.5	15	15	1/4	1/4	4/4	2	1	1/8	1/8	1		8	68	219
115/2	0.5	15	15	3/8	3/8	4/4	2	1	1/8	1/8	1		7	73	220
115/2	0.5	15	15	3/8	3/8	4/4	1	1	1/8	1/8	1		6	78	214
58	0.5	15	15	1/2	1/2	4/4	2	1	1/8	1/8	1		7	61	221
58	1.5	15	15	1/2	1/2	4/4	1	1	3/8	1/4	3/2		8	80	215
117/2	0.5	15	15	5/8	5/8	4/4	2	1	1/8	1/8	1		6	66	222
59	0.5	15	15	3/4	3/4	4/4	2	1	1/8	1/8	1		10	70	223
119/2	0.5	15	15	7/8	7/8	4/4	2	1	1/8	1/8	1		4	76	224
119/2	0.5	15	15	7/8	7/8	4/4	1	1	1/8	1/8	1		6	78	216
60	0.5	16	16	0	0	4/4	2	1	1/8	1/8	1		10	58	230
60	1.5	16	16	0	0	4/4	1	1	3/8	1/4	3/2		8	80	225
121/2	0.5	16	16	1/8	1/8	4/4	2	1	1/8	1/8	1		4	64	231
61	0.5	16	16	1/4	1/4	4/4	2	1	1/8	1/8	1		8	68	232
123/2	0.5	16	16	3/8	3/8	4/4	2	1	1/8	1/8	1		7	73	233
123/2	0.5	16	16	3/8	3/8	4/4	1	1	1/8	1/8	1		6	78	226
62	0.5	16	16	1/2	1/2	4/4	2	1	1/8	1/8	1		7	61	234
62	0.5	16	16	1/2	1/2	4/4	1	1	1/8	1/8	1		8	80	227
125/2	0.5	16	16	5/8	5/8	4/4	2	1	1/8	1/8	1		6	66	235
125/2	1.0	16	16	5/8	5/8	4/4	1	1	1/4	1/4	1		6	78	228
63	0.5	16	16	3/4	3/4	4/4	2	1	1/8	1/8	1		10	70	236
127/2	0.5	16	16	7/8	7/8	4/4	2	1	1/8	1/8	1		4	76	237
127/2	0.5	16	16	7/8	7/8	4/4	1	1	1/8	1/8	1		8	80	229
64	0.3333333333333333	17	17	0	0	4/4	2	1	1/12	1/8	2/3		7	61	240
64	2.0	17	17	0	0	4/4	1	1	1/2	1/2	1		3	81	238
193/3	0.3333333333333333	17	17	1/12	1/12	4/4	2	1	1/12	1/8	2/3		4	64	241
194/3	0.3333333333333333	17	17	1/6	1/6	4/4	2	1	1/12	1/8	2/3		3	69	242
65	0.3333333333333333	17	17	1/4	1/4	4/4	2	2	1/12	1/8	2/3		7	73	246
196/3	0.3333333333333333	17	17	1/3	1/3	4/4	2	2	1/12	1/8	2/3		4	76	247
197/3	0.3333333333333333	17	17	5/12	5/12	4/4	2	2	1/12	1/8	2/3		6	78	248
66	0.3333333333333333	17	17	1/2	1/2	4/4	2	2	1/12	1/8	2/3		8	80	249
66	2.0	17	17	1/2	1/2	4/4	1	1	1/2	1/2	1		8	80	239
199/3	0.3333333333333333	17	17	7/12	7/12	4/4	2	2	1/12	1/8	2/3		9	75	250
200/3	0.3333333333333333	17	17	2/3	2/3	4/4	2	2	1/12	1/8	2/3		5	71	251
67	0.3333333333333333	17	17	3/4	3/4	4/4	2	1	1/12	1/8	2/3		8	68	243
202/3	0.3333333333333333	17	17	5/6	5/6	4/4	2	1	1/12	1/8	2/3		9	63	244
203/3	0.3333333333333333	17	17	11/12	11/12	4/4	2	1	1/12	1/8	2/3		5	59	245
68	0.3333333333333333	18	18	0	0	4/4	2	1	1/12	1/8	2/3		3	57	254
68	2.0	18	18	0	0	4/4	1	1	1/2	1/2	1		6	78	252
205/3	0.3333333333333333	18	18	1/12	1/12	4/4	2	1	1/12	1/8	2/3		7	61	255
206/3	0.3333333333333333	18	18	1/6	1/6	4/4	2	1	1/12	1/8	2/3		6	66	256
69	0.3333333333333333	18	18	1/4	1/4	4/4	2	2	1/12	1/8	2/3		3	69	260
208/3	0.3333333333333333	18	18	1/3	1/3	4/4	2	2	1/12	1/8	2/3		7	73	261
209/3	0.3333333333333333	18	18	5/12	5/12	4/4	2	2	1/12	1/8	2/3		9	75	262
70	0.3333333333333333	18	18	1/2	1/2	4/4	2	2	1/12	1/8	2/3		4	76	263
70	2.0	18	18	1/2	1/2	4/4	1	1	1/2	1/2	1		4	76	253
211/3	0.3333333333333333	18	18	7/12	7/12	4/4	2	2	1/12	1/8	2/3		5	71	264
212/3	0.3333333333333333	18	18	2/3	2/3	4/4	2	2	1/12	1/8	2/3		8	68	265
71	0.3333333333333333	18	18	3/4	3/4	4/4	2	1	1/12	1/8	2/3		4	64	257
214/3	0.3333333333333333	18	18	5/6	5/6	4/4	2	1	1/12	1/8	2/3		5	59	258
215/3	0.3333333333333333	18	18	11/12	11/12	4/4	2	1	1/12	1/8	2/3		8	56	259
72	0.3333333333333333	19	19	0	0	4/4	2	1	1/12	1/8	2/3		13	55	270
72	2.0	19	19	0	0	4/4	1	1	1/2	1/2	1		9	75	266
217/3	0.3333333333333333	19	19	1/12	1/12	4/4	2	1	1/12	1/8	2/3		7	61	271
218/3	0.3333333333333333	19	19	1/6	1/6	4/4	2	1	1/12	1/8	2/3		9	63	272
73	0.3333333333333333	19	19	1/4	1/4	4/4	2	1	1/12	1/8	2/3		10	70	273
220/3	0.3333333333333333	19	19	1/3	1/3	4/4	2	1	1/12	1/8	2/3		9	63	274
221/3	0.3333333333333333	19	19	5/12	5/12	4/4	2	1	1/12	1/8	2/3		7	61	275
74	0.3333333333333333	19	19	1/2	1/2	4/4	2	1	1/12	1/8	2/3		8	56	276
74	1.0	19	19	1/2	1/2	4/4	1	1	1/4	1/4	1		4	76	267
223/3	0.3333333333333333	19	19	7/12	7/12	4/4	2	1	1/12	1/8	2/3		7	61	277
224/3	0.3333333333333333	19	19	2/3	2/3	4/4	2	1	1/12	1/8	2/3		4	64	278
75	0.3333333333333333	19	19	3/4	3/4	4/4	2	1	1/12	1/8	2/3		5	71	279
75	0.5	19	19	3/4	3/4	4/4	1	1	1/8	1/8	1		8	80	268
226/3	0.3333333333333333	19	19	5/6	5/6	4/4	2	1	1/12	1/8	2/3		4	64	280
151/2	0.5	19	19	7/8	7/8	4/4	1	1	1/8	1/8	1		5	83	269
227/3	0.3333333333333333	19	19	11/12	11/12	4/4	2	1	1/12	1/8	2/3		7	61	281
76	0.3333333333333333	20	20	0	0	4/4	2	1	1/12	1/8	2/3		13	55	287
76	2.0	20	20	0	0	4/4	1	1	1/2	1/2	1	1	9	75	282
229/3	0.3333333333333333	20	20	1/12	1/12	4/4	2	1	1/12	1/8	2/3		7	61	288
230/3	0.3333333333333333	20	20	1/6	1/6	4/4	2	1	1/12	1/8	2/3		9	63	289
77	0.3333333333333333	20	20	1/4	1/4	4/4	2	1	1/12	1/8	2/3		10	70	290
232/3	0.3333333333333333	20	20	1/3	1/3	4/4	2	1	1/12	1/8	2/3		9	63	291
233/3	0.3333333333333333	20	20	5/12	5/12	4/4	2	1	1/12	1/8	2/3		7	61	292
78	0.3333333333333333	20	20	1/2	1/2	4/4	2	1	1/12	1/8	2/3		4	52	293
78	0.5	20	20	1/2	1/2	4/4	1	1	1/8	1/8	1	-1	9	75	283
235/3	0.3333333333333333	20	20	7/12	7/12	4/4	2	1	1/12	1/8	2/3		3	57	294
157/2	0.5	20	20	5/8	5/8	4/4	1	1	1/8	1/8	1		7	73	284
236/3	0.3333333333333333	20	20	2/3	2/3	4/4	2	1	1/12	1/8	2/3		7	61	295
79	0.3333333333333333	20	20	3/4	3/4	4/4	2	1	1/12	1/8	2/3		8	68	296
79	0.5	20	20	3/4	3/4	4/4	1	1	1/8	1/8	1		4	76	285
238/3	0.3333333333333333	20	20	5/6	5/6	4/4	2	1	1/12	1/8	2/3		7	61	297
159/2	0.5	20	20	7/8	7/8	4/4	1	1	1/8	1/8	1		8	80	286
239/3	0.3333333333333333	20	20	11/12	11/12	4/4	2	1	1/12	1/8	2/3		3	57	298
80	0.3333333333333333	21	21	0	0	4/4	2	1	1/12	1/8	2/3		9	51	304
80	2.0	21	21	0	0	4/4	1	1	1/2	1/2	1	1	5	71	299
241/3	0.3333333333333333	21	21	1/12	1/12	4/4	2	1	1/12	1/8	2/3		3	57	305
242/3	0.3333333333333333	21	21	1/6	1/6	4/4	2	1	1/12	1/8	2/3		5	59	306
81	0.3333333333333333	21	21	1/4	1/4	4/4	2	1	1/12	1/8	2/3		6	66	307
244/3	0.3333333333333333	21	21	1/3	1/3	4/4	2	1	1/12	1/8	2/3		5	59	308
245/3	0.3333333333333333	21	21	5/12	5/12	4/4	2	1	1/12	1/8	2/3		3	57	309
82	0.3333333333333333	21	21	1/2	1/2	4/4	2	1	1/12	1/8	2/3		7	49	310
82	0.5	21	21	1/2	1/2	4/4	1	1	1/8	1/8	1	-1	5	71	300
247/3	0.3333333333333333	21	21	7/12	7/12	4/4	2	1	1/12	1/8	2/3		6	54	311
165/2	0.5	21	21	5/8	5/8	4/4	1	1	1/8	1/8	1		3	69	301
248/3	0.3333333333333333	21	21	2/3	2/3	4/4	2	1	1/12	1/8	2/3		3	57	312
83	0.3333333333333333	21	21	3/4	3/4	4/4	2	1	1/12	1/8	2/3		4	64	313
83	0.5	21	21	3/4	3/4	4/4	1	1	1/8	1/8	1		7	73	302
250/3	0.3333333333333333	21	21	5/6	5/6	4/4	2	1	1/12	1/8	2/3		3	57	314
167/2	0.5	21	21	7/8	7/8	4/4	1	1	1/8	1/8	1		4	76	303
251/3	0.3333333333333333	21	21	11/12	11/12	4/4	2	1	1/12	1/8	2/3		6	54	315
84	0.3333333333333333	22	22	0	0	4/4	2	1	1/12	1/8	2/3		12	48	322
84	2.0	22	22	0	0	4/4	1	1	1/2	1/2	1		8	68	316
253/3	0.3333333333333333	22	22	1/12	1/12	4/4	2	1	1/12	1/8	2/3		6	54	323
254/3	0.3333333333333333	22	22	1/6	1/6	4/4	2	1	1/12	1/8	2/3		8	56	324
85	0.3333333333333333	22	22	1/4	1/4	4/4	2	1	1/12	1/8	2/3		9	63	325
256/3	0.3333333333333333	22	22	1/3	1/3	4/4	2	1	1/12	1/8	2/3		8	56	326
257/3	0.3333333333333333	22	22	5/12	5/12	4/4	2	1	1/12	1/8	2/3		6	54	327
86	0.3333333333333333	22	22	1/2	1/2	4/4	2	1	1/12	1/8	2/3		7	49	328
259/3	0.3333333333333333	22	22	7/12	7/12	4/4	2	1	1/12	1/8	2/3		6	54	329
259/3	0.3333333333333333	22	22	7/12	7/12	4/4	1	1	1/12	1/8	2/3		3	69	317
260/3	0.3333333333333333	22	22	2/3	2/3	4/4	2	1	1/12	1/8	2/3		3	57	330
260/3	0.3333333333333333	22	22	2/3	2/3	4/4	1	1	1/12	1/8	2/3		7	73	318
87	0.3333333333333333	22	22	3/4	3/4	4/4	2	1	1/12	1/8	2/3		4	64	331
87	0.3333333333333333	22	22	3/4	3/4	4/4	1	1	1/12	1/8	2/3		4	76	319
262/3	0.3333333333333333	22	22	5/6	5/6	4/4	2	1	1/12	1/8	2/3		3	57	332
262/3	0.3333333333333333	22	22	5/6	5/6	4/4	1	1	1/12	1/8	2/3		8	80	320
263/3	0.3333333333333333	22	22	11/12	11/12	4/4	2	1	1/12	1/8	2/3		6	54	333
263/3	0.3333333333333333	22	22	11/12	11/12	4/4	1	1	1/12	1/8	2/3		6	78	321
88	0.3333333333333333	23	23	0	0	4/4	2	1	1/12	1/8	2/3		12	48	339
88	1.0	23	23	0	0	4/4	1	1	1/4	1/4	1		9	75	334
265/3	0.3333333333333333	23	23	1/12	1/12	4/4	2	1	1/12	1/8	2/3		6	54	340
266/3	0.3333333333333333	23	23	1/6	1/6	4/4	2	1	1/12	1/8	2/3		8	56	341
89	0.3333333333333333	23	23	1/4	1/4	4/4	2	1	1/12	1/8	2/3		9	63	342
89	1.0	23	23	1/4	1/4	4/4	1	1	1/4	1/4	1		8	68	335
268/3	0.3333333333333333	23	23	1/3	1/3	4/4	2	1	1/12	1/8	2/3		8	56	343
269/3	0.3333333333333333	23	23	5/12	5/12	4/4	2	1	1/12	1/8	2/3		6	54	344
90	0.3333333333333333	23	23	1/2	1/2	4/4	2	1	1/12	1/8	2/3		5	47	345
271/3	0.3333333333333333	23	23	7/12	7/12	4/4	2	1	1/12	1/8	2/3		6	54	346
181/2	0.5	23	23	5/8	5/8	4/4	1	1	1/8	1/8	1		6	66	336
272/3	0.3333333333333333	23	23	2/3	2/3	4/4	2	1	1/12	1/8	2/3		3	57	347
91	0.3333333333333333	23	23	3/4	3/4	4/4	2	1	1/12	1/8	2/3		2	62	348
91	0.5	23	23	3/4	3/4	4/4	1	1	1/8	1/8	1		3	69	337
274/3	0.3333333333333333	23	23	5/6	5/6	4/4	2	1	1/12	1/8	2/3		3	57	349
183/2	0.5	23	23	7/8	7/8	4/4	1	1	1/8	1/8	1		7	73	338
275/3	0.3333333333333333	23	23	11/12	11/12	4/4	2	1	1/12	1/8	2/3		6	54	350
92	0.3333333333333333	24	24	0	0	4/4	2	1	1/12	1/8	2/3		5	47	357
92	2.0	24	24	0	0	4/4	1	1	1/2	1/2	1		4	64	351
277/3	0.3333333333333333	24	24	1/12	1/12	4/4	2	1	1/12	1/8	2/3		4	52	358
278/3	0.3333333333333333	24	24	1/6	1/6	4/4	2	1	1/12	1/8	2/3		8	56	359
93	0.3333333333333333	24	24	1/4	1/4	4/4	2	1	1/12	1/8	2/3		2	62	360
280/3	0.3333333333333333	24	24	1/3	1/3	4/4	2	1	1/12	1/8	2/3		8	56	361
281/3	0.3333333333333333	24	24	5/12	5/12	4/4	2	1	1/12	1/8	2/3		4	52	362
94	0.3333333333333333	24	24	1/2	1/2	4/4	2	1	1/12	1/8	2/3		5	47	363
283/3	0.3333333333333333	24	24	7/12	7/12	4/4	2	1	1/12	1/8	2/3		6	54	364
283/3	0.3333333333333333	24	24	7/12	7/12	4/4	1	1	1/12	1/8	2/3		6	66	352
284/3	0.3333333333333333	24	24	2/3	2/3	4/4	2	1	1/12	1/8	2/3		3	57	365
284/3	0.3333333333333333	24	24	2/3	2/3	4/4	1	1	1/12	1/8	2/3		3	69	353
95	0.3333333333333333	24	24	3/4	3/4	4/4	2	1	1/12	1/8	2/3		2	62	366
95	0.3333333333333333	24	24	3/4	3/4	4/4	1	1	1/12	1/8	2/3		7	73	354
286/3	0.3333333333333333	24	24	5/6	5/6	4/4	2	1	1/12	1/8	2/3		3	57	367
286/3	0.3333333333333333	24	24	5/6	5/6	4/4	1	1	1/12	1/8	2/3		4	76	355
287/3	0.3333333333333333	24	24	11/12	11/12	4/4	2	1	1/12	1/8	2/3		6	54	368
287/3	0.3333333333333333	24	24	11/12	11/12	4/4	1	1	1/12	1/8	2/3		2	74	356
96	0.3333333333333333	25	25	0	0	4/4	2	1	1/12	1/8	2/3		5	47	372
96	1.0	25	25	0	0	4/4	1	1	1/4	1/4	1		8	68	369
289/3	0.3333333333333333	25	25	1/12	1/12	4/4	2	1	1/12	1/8	2/3		4	52	373
290/3	0.3333333333333333	25	25	1/6	1/6	4/4	2	1	1/12	1/8	2/3		8	56	374
97	0.3333333333333333	25	25	1/4	1/4	4/4	2	1	1/12	1/8	2/3		2	62	375
97	2.0	25	25	1/4	1/4	4/4	1	1	1/2	1/2	1		6	66	370
292/3	0.3333333333333333	25	25	1/3	1/3	4/4	2	1	1/12	1/8	2/3		8	56	376
293/3	0.3333333333333333	25	25	5/12	5/12	4/4	2	1	1/12	1/8	2/3		4	52	377
98	0.3333333333333333	25	25	1/2	1/2	4/4	2	1	1/12	1/8	2/3		4	40	378
295/3	0.3333333333333333	25	25	7/12	7/12	4/4	2	1	1/12	1/8	2/3		5	47	379
296/3	0.3333333333333333	25	25	2/3	2/3	4/4	2	1	1/12	1/8	2/3		4	52	380
99	0.3333333333333333	25	25	3/4	3/4	4/4	2	1	1/12	1/8	2/3		6	54	381
99	1.0	25	25	3/4	3/4	4/4	1	1	1/4	1/4	1		2	62	371
298/3	0.3333333333333333	25	25	5/6	5/6	4/4	2	1	1/12	1/8	2/3		8	56	382
299/3	0.3333333333333333	25	25	11/12	11/12	4/4	2	1	1/12	1/8	2/3		5	59	383
100	0.3333333333333333	26	26	0	0	4/4	2	1	1/12	1/8	2/3		3	33	394
100	4.0	26	26	0	0	4/4	1	1	1	1	1	1	7	61	384
301/3	0.3333333333333333	26	26	1/12	1/12	4/4	2	1	1/12	1/8	2/3	1	3	45	395
302/3	0.3333333333333333	26	26	1/6	1/6	4/4	2	1	1/12	1/8	2/3		4	52	396
101	3.0	26	26	1/4	1/4	4/4	2	1	3/4	1/2	3/2	0	3	45	397
101	0.3333333333333333	26	26	1/4	1/4	4/4	1	2	1/12	1/8	2/3		1	55	385
304/3	0.3333333333333333	26	26	1/3	1/3	4/4	1	2	1/12	1/8	2/3		3	57	386
305/3	0.3333333333333333	26	26	5/12	5/12	4/4	1	2	1/12	1/8	2/3		5	59	387
102	0.3333333333333333	26	26	1/2	1/2	4/4	1	2	1/12	1/8	2/3		3	57	388
307/3	0.3333333333333333	26	26	7/12	7/12	4/4	1	2	1/12	1/8	2/3		4	52	389
308/3	0.3333333333333333	26	26	2/3	2/3	4/4	1	2	1/12	1/8	2/3		1	55	390
103	0.3333333333333333	26	26	3/4	3/4	4/4	1	2	1/12	1/8	2/3		3	57	391
310/3	0.3333333333333333	26	26	5/6	5/6	4/4	1	2	1/12	1/8	2/3		5	59	392
311/3	0.3333333333333333	26	26	11/12	11/12	4/4	1	2	1/12	1/8	2/3		3	57	393
104	4.0	27	27	0	0	4/4	2	1	1	1	1	-1	3	45	403
104	4.0	27	27	0	0	4/4	1	2	1	1	1		1	55	402
104	1.0	27	27	0	0	4/4	1	1	1/4	1/4	1	-1	7	61	398
105	1.0	27	27	1/4	1/4	4/4	1	1	1/4	1/4	1		7	61	399
106	1.0	27	27	1/2	1/2	4/4	1	1	1/4	1/4	1		4	64	400
107	1.0	27	27	3/4	3/4	4/4	1	1	1/4	1/4	1		7	61	401
108	0.5	28	28	0	0	4/4	2	1	1/8	1/8	1		2	38	414
108	4.0	28	28	0	0	4/4	1	1	1	1	1	1	6	66	404
217/2	0.5	28	28	1/8	1/8	4/4	2	1	1/8	1/8	1		3	45	415
109	3.0	28	28	1/4	1/4	4/4	2	1	3/4	1/2	3/2		6	54	416
109	0.3333333333333333	28	28	1/4	1/4	4/4	1	2	1/12	1/8	2/3		3	57	405
328/3	0.3333333333333333	28	28	1/3	1/3	4/4	1	2	1/12	1/8	2/3		5	59	406
329/3	0.3333333333333333	28	28	5/12	5/12	4/4	1	2	1/12	1/8	2/3		7	61	407
110	0.3333333333333333	28	28	1/2	1/2	4/4	1	2	1/12	1/8	2/3		5	59	408
331/3	0.3333333333333333	28	28	7/12	7/12	4/4	1	2	1/12	1/8	2/3		3	57	409
332/3	0.3333333333333333	28	28	2/3	2/3	4/4	1	2	1/12	1/8	2/3		5	59	410
111	0.3333333333333333	28	28	3/4	3/4	4/4	1	2	1/12	1/8	2/3		7	61	411
334/3	0.3333333333333333	28	28	5/6	5/6	4/4	1	2	1/12	1/8	2/3		5	59	412
335/3	0.3333333333333333	28	28	11/12	11/12	4/4	1	2	1/12	1/8	2/3		3	57	413
112	0.5	29	29	0	0	4/4	2	1	1/8	1/8	1		5	35	423
112	2.0	29	29	0	0	4/4	1	2	1/2	1/2	1		7	61	421
112	1.0	29	29	0	0	4/4	1	1	1/4	1/4	1	-1	6	66	417
225/2	0.5	29	29	1/8	1/8	4/4	2	1	1/8	1/8	1		5	47	424
113	0.5	29	29	1/4	1/4	4/4	2	1	1/8	1/8	1		6	54	425
113	1.0	29	29	1/4	1/4	4/4	1	1	1/4	1/4	1		6	66	418
227/2	0.5	29	29	3/8	3/8	4/4	2	1	1/8	1/8	1		3	57	426
114	1.0	29	29	1/2	1/2	4/4	2	1	1/4	1/4	1		5	59	427
114	2.0	29	29	1/2	1/2	4/4	1	2	1/2	1/2	1	1	9	63	422
114	1.0	29	29	1/2	1/2	4/4	1	1	1/4	1/4	1		3	69	419
115	1.0	29	29	3/4	3/4	4/4	1	1	1/4	1/4	1		6	66	420
116	0.5	30	30	0	0	4/4	2	1	1/8	1/8	1		8	32	434
116	2.0	30	30	0	0	4/4	1	2	1/2	1/2	1	-1	9	63	432
116	1.0	30	30	0	0	4/4	1	1	1/4	1/4	1		5	71	428
233/2	0.5	30	30	1/8	1/8	4/4	2	1	1/8	1/8	1		8	44	435
117	0.5	30	30	1/4	1/4	4/4	2	1	1/8	1/8	1		4	52	436
117	1.0	30	30	1/4	1/4	4/4	1	1	1/4	1/4	1		8	68	429
235/2	0.5	30	30	3/8	3/8	4/4	2	1	1/8	1/8	1		8	56	437
118	1.0	30	30	1/2	1/2	4/4	2	1	1/4	1/4	1		5	59	438
118	2.0	30	30	1/2	1/2	4/4	1	2	1/2	1/2	1		4	64	433
118	1.0	30	30	1/2	1/2	4/4	1	1	1/4	1/4	1		5	71	430
119	1.0	30	30	3/4	3/4	4/4	1	1	1/4	1/4	1		8	68	431
120	0.3333333333333333	31	31	0	0	4/4	2	1	1/12	1/8	2/3		6	30	440
120	4.0	31	31	0	0	4/4	1	1	1	1	1	1	3	69	439
120	4.0	31	31	0	0	4/4	1	1	1	1	1	1	7	73	439
361/3	0.3333333333333333	31	31	1/12	1/12	4/4	2	1	1/12	1/8	2/3		6	42	441
362/3	0.3333333333333333	31	31	1/6	1/6	4/4	2	1	1/12	1/8	2/3		7	49	442
121	0.3333333333333333	31	31	1/4	1/4	4/4	2	1	1/12	1/8	2/3		4	52	443
364/3	0.3333333333333333	31	31	1/3	1/3	4/4	2	1	1/12	1/8	2/3		6	54	444
365/3	0.3333333333333333	31	31	5/12	5/12	4/4	2	1	1/12	1/8	2/3		3	57	445
122	0.3333333333333333	31	31	1/2	1/2	4/4	2	1	1/12	1/8	2/3		7	61	446
367/3	0.3333333333333333	31	31	7/12	7/12	4/4	2	1	1/12	1/8	2/3		4	64	447
368/3	0.3333333333333333	31	31	2/3	2/3	4/4	2	1	1/12	1/8	2/3		6	66	448
123	0.3333333333333333	31	31	3/4	3/4	4/4	2	1	1/12	1/8	2/3		3	69	449
370/3	0.3333333333333333	31	31	5/6	5/6	4/4	2	1	1/12	1/8	2/3		8	68	450
371/3	0.3333333333333333	31	31	11/12	11/12	4/4	2	1	1/12	1/8	2/3		6	66	451
124	2.0	32	32	0	0	4/4	1	2	1/2	1/2	1		4	64	456
124	1.0	32	32	0	0	4/4	1	1	1/4	1/4	1	-1	3	69	452
124	1.0	32	32	0	0	4/4	1	1	1/4	1/4	1	-1	7	73	452
125	1.0	32	32	1/4	1/4	4/4	1	1	1/4	1/4	1		6	66	453
125	1.0	32	32	1/4	1/4	4/4	1	1	1/4	1/4	1		3	69	453
126	1.0	32	32	1/2	1/2	4/4	2	1	1/4	1/4	1		9	63	457
126	1.0	32	32	1/2	1/2	4/4	1	1	1/4	1/4	1		8	68	454
126	1.0	32	32	1/2	1/2	4/4	1	1	1/4	1/4	1		5	71	454
127	1.0	32	32	3/4	3/4	4/4	2	1	1/4	1/4	1		7	61	458
127	1.0	32	32	3/4	3/4	4/4	1	1	1/4	1/4	1		3	69	455
127	1.0	32	32	3/4	3/4	4/4	1	1	1/4	1/4	1		7	73	455
128	0.3333333333333333	33	33	0	0	4/4	2	1	1/12	1/8	2/3		6	30	460
128	4.0	33	33	0	0	4/4	1	1	1	1	1	1	3	69	459
128	4.0	33	33	0	0	4/4	1	1	1	1	1	1	7	73	459
385/3	0.3333333333333333	33	33	1/12	1/12	4/4	2	1	1/12	1/8	2/3		6	42	461
386/3	0.3333333333333333	33	33	1/6	1/6	4/4	2	1	1/12	1/8	2/3		7	49	462
129	0.3333333333333333	33	33	1/4	1/4	4/4	2	1	1/12	1/8	2/3		4	52	463
388/3	0.3333333333333333	33	33	1/3	1/3	4/4	2	1	1/12	1/8	2/3		6	54	464
389/3	0.3333333333333333	33	33	5/12	5/12	4/4	2	1	1/12	1/8	2/3		3	57	465
130	0.3333333333333333	33	33	1/2	1/2	4/4	2	1	1/12	1/8	2/3		7	61	466
391/3	0.3333333333333333	33	33	7/12	7/12	4/4	2	1	1/12	1/8	2/3		4	64	467
392/3	0.3333333333333333	33	33	2/3	2/3	4/4	2	1	1/12	1/8	2/3		6	66	468
131	0.3333333333333333	33	33	3/4	3/4	4/4	2	1	1/12	1/8	2/3		3	69	469
394/3	0.3333333333333333	33	33	5/6	5/6	4/4	2	1	1/12	1/8	2/3		8	68	470
395/3	0.3333333333333333	33	33	11/12	11/12	4/4	2	1	1/12	1/8	2/3		6	66	471
132	2.0	34	34	0	0	4/4	2	1	1/2	1/2	1		4	64	485
132	1.0	34	34	0	0	4/4	1	1	1/4	1/4	1	-1	3	69	472
132	1.0	34	34	0	0	4/4	1	1	1/4	1/4	1	-1	7	73	472
133	0.3333333333333333	34	34	1/4	1/4	4/4	1	2	1/12	1/8	2/3		6	66	476
133	1.0	34	34	1/4	1/4	4/4	1	1	1/4	1/4	1		3	69	473
400/3	0.3333333333333333	34	34	1/3	1/3	4/4	1	2	1/12	1/8	2/3		7	61	477
401/3	0.3333333333333333	34	34	5/12	5/12	4/4	1	2	1/12	1/8	2/3		4	64	478
134	2.0	34	34	1/2	1/2	4/4	2	1	1/2	1/2	1		6	54	486
134	0.3333333333333333	34	34	1/2	1/2	4/4	1	2	1/12	1/8	2/3		8	68	479
134	1.0	34	34	1/2	1/2	4/4	1	1	1/4	1/4	1		5	71	474
403/3	0.3333333333333333	34	34	7/12	7/12	4/4	1	2	1/12	1/8	2/3		9	63	480
404/3	0.3333333333333333	34	34	2/3	2/3	4/4	1	2	1/12	1/8	2/3		6	66	481
135	0.3333333333333333	34	34	3/4	3/4	4/4	1	2	1/12	1/8	2/3		3	69	482
135	1.0	34	34	3/4	3/4	4/4	1	1	1/4	1/4	1		7	73	475
406/3	0.3333333333333333	34	34	5/6	5/6	4/4	1	2	1/12	1/8	2/3		4	64	483
407/3	0.3333333333333333	34	34	11/12	11/12	4/4	1	2	1/12	1/8	2/3		8	68	484
136	1.0	35	35	0	0	4/4	2	1	1/4	1/4	1		5	47	503
136	0.3333333333333333	35	35	0	0	4/4	1	2	1/12	1/8	2/3		5	71	491
136	1.0	35	35	0	0	4/4	1	1	1/4	1/4	1		9	75	487
409/3	0.3333333333333333	35	35	1/12	1/12	4/4	1	2	1/12	1/8	2/3		6	66	492
410/3	0.3333333333333333	35	35	1/6	1/6	4/4	1	2	1/12	1/8	2/3		3	69	493
137	1.0	35	35	1/4	1/4	4/4	2	1	1/4	1/4	1		6	54	504
137	0.3333333333333333	35	35	1/4	1/4	4/4	1	2	1/12	1/8	2/3		7	73	494
137	1.0	35	35	1/4	1/4	4/4	1	1	1/4	1/4	1		4	76	488
412/3	0.3333333333333333	35	35	1/3	1/3	4/4	1	2	1/12	1/8	2/3		8	68	495
413/3	0.3333333333333333	35	35	5/12	5/12	4/4	1	2	1/12	1/8	2/3		5	71	496
138	1.0	35	35	1/2	1/2	4/4	2	1	1/4	1/4	1		3	57	505
138	0.3333333333333333	35	35	1/2	1/2	4/4	1	2	1/12	1/8	2/3		9	75	497
138	1.0	35	35	1/2	1/2	4/4	1	1	1/4	1/4	1		6	78	489
415/3	0.3333333333333333	35	35	7/12	7/12	4/4	1	2	1/12	1/8	2/3		3	69	498
416/3	0.3333333333333333	35	35	2/3	2/3	4/4	1	2	1/12	1/8	2/3		7	73	499
139	1.0	35	35	3/4	3/4	4/4	2	1	1/4	1/4	1		5	59	506
139	0.3333333333333333	35	35	3/4	3/4	4/4	1	2	1/12	1/8	2/3		4	76	500
139	1.0	35	35	3/4	3/4	4/4	1	1	1/4	1/4	1		8	80	490
418/3	0.3333333333333333	35	35	5/6	5/6	4/4	1	2	1/12	1/8	2/3		5	71	501
419/3	0.3333333333333333	35	35	11/12	11/12	4/4	1	2	1/12	1/8	2/3		9	75	502
140	1.0	36	36	0	0	4/4	2	1	1/4	1/4	1		9	63	523
140	0.3333333333333333	36	36	0	0	4/4	1	2	1/12	1/8	2/3		6	78	511
140	1.0	36	36	0	0	4/4	1	1	1/4	1/4	1		3	81	507
421/3	0.3333333333333333	36	36	1/12	1/12	4/4	1	2	1/12	1/8	2/3		7	73	512
422/3	0.3333333333333333	36	36	1/6	1/6	4/4	1	2	1/12	1/8	2/3		4	76	513
141	1.0	36	36	1/4	1/4	4/4	2	1	1/4	1/4	1		6	66	524
141	0.3333333333333333	36	36	1/4	1/4	4/4	1	2	1/12	1/8	2/3		8	80	514
141	1.0	36	36	1/4	1/4	4/4	1	1	1/4	1/4	1		5	83	508
424/3	0.3333333333333333	36	36	1/3	1/3	4/4	1	2	1/12	1/8	2/3		9	75	515
425/3	0.3333333333333333	36	36	5/12	5/12	4/4	1	2	1/12	1/8	2/3		6	78	516
142	1.0	36	36	1/2	1/2	4/4	2	1	1/4	1/4	1		3	69	525
142	0.3333333333333333	36	36	1/2	1/2	4/4	1	2	1/12	1/8	2/3		3	81	517
142	1.0	36	36	1/2	1/2	4/4	1	1	1/4	1/4	1		7	85	509
427/3	0.3333333333333333	36	36	7/12	7/12	4/4	1	2	1/12	1/8	2/3		4	76	518
428/3	0.3333333333333333	36	36	2/3	2/3	4/4	1	2	1/12	1/8	2/3		8	80	519
143	1.0	36	36	3/4	3/4	4/4	2	1	1/4	1/4	1		5	71	526
143	0.3333333333333333	36	36	3/4	3/4	4/4	1	2	1/12	1/8	2/3		5	83	520
143	1.0	36	36	3/4	3/4	4/4	1	1	1/4	1/4	1		9	87	510
430/3	0.3333333333333333	36	36	5/6	5/6	4/4	1	2	1/12	1/8	2/3		6	78	521
431/3	0.3333333333333333	36	36	11/12	11/12	4/4	1	2	1/12	1/8	2/3		3	81	522
144	0.5	37	37	0	0	4/4	2	2	1/8	1/8	1		4	28	530
144	4.0	37	37	0	0	4/4	2	1	1	1	1		8	80	529
144	4.0	37	37	0	0	4/4	2	1	1	1	1		5	83	529
144	2.0	37	37	0	0	4/4	1	1	1/2	1/2	1		6	90	527
289/2	0.5	37	37	1/8	1/8	4/4	2	2	1/8	1/8	1		4	40	531
145	0.5	37	37	1/4	1/4	4/4	2	2	1/8	1/8	1		5	47	532
291/2	0.5	37	37	3/8	3/8	4/4	2	2	1/8	1/8	1		4	52	533
146	0.5	37	37	1/2	1/2	4/4	2	2	1/8	1/8	1		8	56	534
146	2.0	37	37	1/2	1/2	4/4	1	1	1/2	1/2	1		4	88	528
293/2	0.5	37	37	5/8	5/8	4/4	2	2	1/8	1/8	1		5	59	535
147	0.5	37	37	3/4	3/4	4/4	2	2	1/8	1/8	1		4	64	536
295/2	0.5	37	37	7/8	7/8	4/4	2	2	1/8	1/8	1		8	68	537
148	4.0	38	38	0	0	4/4	1	1	1	1	1	1	4	76	538
150	2.0	38	38	1/2	1/2	4/4	2	1	1/2	1/2	1		4	64	539
152	0.5	39	39	0	0	4/4	2	2	1/8	1/8	1		5	59	552
152	3.0	39	39	0	0	4/4	2	1	3/4	1/2	3/2		6	66	550
152	3.0	39	39	0	0	4/4	1	2	3/4	1/2	3/2		3	69	548
152	0.3333333333333333	39	39	0	0	4/4	1	1	1/12	1/8	2/3	-1	4	76	540
457/3	0.3333333333333333	39	39	1/12	1/12	4/4	1	1	1/12	1/8	2/3		2	74	541
305/2	0.5	39	39	1/8	1/8	4/4	2	2	1/8	1/8	1		7	61	553
458/3	0.3333333333333333	39	39	1/6	1/6	4/4	1	1	1/12	1/8	2/3		4	76	542
153	2.0	39	39	1/4	1/4	4/4	2	2	1/2	1/2	1		2	62	554
153	1.0	39	39	1/4	1/4	4/4	1	1	1/4	1/4	1	1	7	73	543
154	0.5	39	39	1/2	1/2	4/4	1	1	1/8	1/8	1	-1	7	73	544
309/2	0.5	39	39	5/8	5/8	4/4	1	1	1/8	1/8	1		5	71	545
155	1.0	39	39	3/4	3/4	4/4	2	2	1/4	1/4	1		4	52	555
155	1.0	39	39	3/4	3/4	4/4	2	1	1/4	1/4	1		2	62	551
155	1.0	39	39	3/4	3/4	4/4	1	2	1/4	1/4	1		8	68	549
155	0.5	39	39	3/4	3/4	4/4	1	1	1/8	1/8	1		5	71	546
311/2	0.5	39	39	7/8	7/8	4/4	1	1	1/8	1/8	1		7	73	547
156	1.0	40	40	0	0	4/4	2	1	1/4	1/4	1		6	54	561
156	1.0	40	40	0	0	4/4	2	1	1/4	1/4	1		7	61	561
156	1.0	40	40	0	0	4/4	1	2	1/4	1/4	1		6	66	559
156	1.0	40	40	0	0	4/4	1	1	1/4	1/4	1		3	69	556
157	3.0	40	40	1/4	1/4	4/4	2	1	3/4	1/2	3/2		5	47	562
157	3.0	40	40	1/4	1/4	4/4	2	1	3/4	1/2	3/2		3	57	562
157	3.0	40	40	1/4	1/4	4/4	1	2	3/4	1/2	3/2		9	63	560
157	2.0	40	40	1/4	1/4	4/4	1	1	1/2	1/2	1		6	66	557
159	1.0	40	40	3/4	3/4	4/4	1	1	1/4	1/4	1		8	68	558
160	1.0	41	41	0	0	4/4	2	1	1/4	1/4	1		4	40	569
160	1.0	41	41	0	0	4/4	2	1	1/4	1/4	1		5	47	569
160	1.0	41	41	0	0	4/4	1	2	1/4	1/4	1		8	56	567
160	1.0	41	41	0	0	4/4	1	2	1/4	1/4	1		2	62	567
160	0.5	41	41	0	0	4/4	1	1	1/8	1/8	1		6	66	563
321/2	0.5	41	41	1/8	1/8	4/4	1	1	1/8	1/8	1		4	64	564
161	3.0	41	41	1/4	1/4	4/4	2	2	3/4	1/2	3/2		8	56	572
161	3.0	41	41	1/4	1/4	4/4	2	2	3/4	1/2	3/2		2	62	572
161	2.0	41	41	1/4	1/4	4/4	2	1	1/2	1/2	1		6	66	570
161	3.0	41	41	1/4	1/4	4/4	1	2	3/4	1/2	3/2		5	71	568
161	3.0	41	41	1/4	1/4	4/4	1	2	3/4	1/2	3/2		2	74	568
161	2.0	41	41	1/4	1/4	4/4	1	1	1/2	1/2	1		6	78	565
163	1.0	41	41	3/4	3/4	4/4	2	1	1/4	1/4	1		4	64	571
163	1.0	41	41	3/4	3/4	4/4	1	1	1/4	1/4	1		4	76	566
164	1.0	42	42	0	0	4/4	2	1	1/4	1/4	1		3	45	582
164	1.0	42	42	0	0	4/4	2	1	1/4	1/4	1		4	52	582
164	1.0	42	42	0	0	4/4	1	2	1/4	1/4	1		3	57	580
164	1.0	42	42	0	0	4/4	1	2	1/4	1/4	1		7	61	580
164	0.5	42	42	0	0	4/4	1	1	1/8	1/8	1		6	66	573
329/2	0.5	42	42	1/8	1/8	4/4	1	1	1/8	1/8	1		4	64	574
165	3.0	42	42	1/4	1/4	4/4	2	1	3/4	1/2	3/2		4	52	583
165	3.0	42	42	1/4	1/4	4/4	2	1	3/4	1/2	3/2		3	57	583
165	3.0	42	42	1/4	1/4	4/4	2	1	3/4	1/2	3/2		7	61	583
165	3.0	42	42	1/4	1/4	4/4	2	1	3/4	1/2	3/2		4	64	583
165	3.0	42	42	1/4	1/4	4/4	1	2	3/4	1/2	3/2		3	69	581
165	3.0	42	42	1/4	1/4	4/4	1	2	3/4	1/2	3/2		7	73	581
165	1.0	42	42	1/4	1/4	4/4	1	1	1/4	1/4	1	1	8	80	575
166	0.5	42	42	1/2	1/2	4/4	1	1	1/8	1/8	1	-1	8	80	576
333/2	0.5	42	42	5/8	5/8	4/4	1	1	1/8	1/8	1		5	83	577
167	0.5	42	42	3/4	3/4	4/4	1	1	1/8	1/8	1		3	81	578
335/2	0.5	42	42	7/8	7/8	4/4	1	1	1/8	1/8	1		6	78	579
168	0.5	43	43	0	0	4/4	2	2	1/8	1/8	1		5	59	596
168	3.0	43	43	0	0	4/4	2	1	3/4	1/2	3/2		6	66	594
168	3.0	43	43	0	0	4/4	1	2	3/4	1/2	3/2		3	69	592
168	0.3333333333333333	43	43	0	0	4/4	1	1	1/12	1/8	2/3		4	76	584
505/3	0.3333333333333333	43	43	1/12	1/12	4/4	1	1	1/12	1/8	2/3		2	74	585
337/2	0.5	43	43	1/8	1/8	4/4	2	2	1/8	1/8	1		7	61	597
506/3	0.3333333333333333	43	43	1/6	1/6	4/4	1	1	1/12	1/8	2/3		4	76	586
169	3.0	43	43	1/4	1/4	4/4	2	2	3/4	1/2	3/2		2	62	598
169	1.0	43	43	1/4	1/4	4/4	1	1	1/4	1/4	1	1	7	73	587
170	0.5	43	43	1/2	1/2	4/4	1	1	1/8	1/8	1	-1	7	73	588
341/2	0.5	43	43	5/8	5/8	4/4	1	1	1/8	1/8	1		5	71	589
171	1.0	43	43	3/4	3/4	4/4	2	1	1/4	1/4	1		-1	65	595
171	1.0	43	43	3/4	3/4	4/4	1	2	1/4	1/4	1		8	68	593
171	0.5	43	43	3/4	3/4	4/4	1	1	1/8	1/8	1		5	71	590
343/2	0.5	43	43	7/8	7/8	4/4	1	1	1/8	1/8	1		7	73	591
172	1.0	44	44	0	0	4/4	2	1	1/4	1/4	1		6	54	608
172	1.0	44	44	0	0	4/4	2	1	1/4	1/4	1		7	61	608
172	2.0	44	44	0	0	4/4	1	2	1/2	1/2	1		4	64	605
172	1.0	44	44	0	0	4/4	1	1	1/4	1/4	1		3	69	599
173	2.0	44	44	1/4	1/4	4/4	2	1	1/2	1/2	1		5	47	609
173	2.0	44	44	1/4	1/4	4/4	2	1	1/2	1/2	1		3	57	609
173	1.0	44	44	1/4	1/4	4/4	1	1	1/4	1/4	1	1	6	66	600
174	1.0	44	44	1/2	1/2	4/4	1	2	1/4	1/4	1		9	63	606
174	0.5	44	44	1/2	1/2	4/4	1	1	1/8	1/8	1	-1	6	66	601
349/2	0.5	44	44	5/8	5/8	4/4	1	1	1/8	1/8	1		6	66	602
175	1.0	44	44	3/4	3/4	4/4	2	1	1/4	1/4	1		3	45	610
175	1.0	44	44	3/4	3/4	4/4	2	1	1/4	1/4	1		9	51	610
175	1.0	44	44	3/4	3/4	4/4	1	2	1/4	1/4	1		7	61	607
175	0.5	44	44	3/4	3/4	4/4	1	1	1/8	1/8	1		6	66	603
351/2	0.5	44	44	7/8	7/8	4/4	1	1	1/8	1/8	1		8	68	604
176	1.0	45	45	0	0	4/4	2	1	1/4	1/4	1		8	44	619
176	1.0	45	45	0	0	4/4	2	1	1/4	1/4	1		4	52	619
176	1.0	45	45	0	0	4/4	1	2	1/4	1/4	1		5	59	616
176	0.3333333333333333	45	45	0	0	4/4	1	1	1/12	1/8	2/3		6	66	611
529/3	0.3333333333333333	45	45	1/12	1/12	4/4	1	1	1/12	1/8	2/3		4	64	612
530/3	0.3333333333333333	45	45	1/6	1/6	4/4	1	1	1/12	1/8	2/3		5	59	613
177	2.0	45	45	1/4	1/4	4/4	2	1	1/2	1/2	1		6	42	620
177	2.0	45	45	1/4	1/4	4/4	2	1	1/2	1/2	1		4	52	620
177	2.0	45	45	1/4	1/4	4/4	1	2	1/2	1/2	1		3	57	617
177	2.0	45	45	1/4	1/4	4/4	1	1	1/2	1/2	1		7	61	614
179	1.0	45	45	3/4	3/4	4/4	2	1	1/4	1/4	1		5	35	621
179	1.0	45	45	3/4	3/4	4/4	2	1	1/4	1/4	1		5	47	621
179	1.0	45	45	3/4	3/4	4/4	1	2	1/4	1/4	1		3	57	618
179	1.0	45	45	3/4	3/4	4/4	1	1	1/4	1/4	1		7	61	615
179	1.0	45	45	3/4	3/4	4/4	1	1	1/4	1/4	1		4	64	615
180	2.0	46	46	0	0	4/4	2	1	1/2	1/2	1		4	40	625
180	2.0	46	46	0	0	4/4	2	1	1/2	1/2	1		5	47	625
180	1.0	46	46	0	0	4/4	1	2	1/4	1/4	1		3	57	623
180	3.0	46	46	0	0	4/4	1	1	3/4	1/2	3/2		5	59	622
180	3.0	46	46	0	0	4/4	1	1	3/4	1/2	3/2		4	64	622
181	2.0	46	46	1/4	1/4	4/4	1	2	1/2	1/2	1		8	56	624
182	1.0	46	46	1/2	1/2	4/4	2	1	1/4	1/4	1		4	40	626
183	1.0	46	46	3/4	3/4	4/4	2	1	1/4	1/4	1		4	52	627
184	0.3333333333333333	47	47	0	0	4/4	1	1	1/12	1/8	2/3		2	50	628
553/3	0.3333333333333333	47	47	1/12	1/12	4/4	1	1	1/12	1/8	2/3		6	54	629
554/3	0.3333333333333333	47	47	1/6	1/6	4/4	1	1	1/12	1/8	2/3		3	57	630
185	2.0	47	47	1/4	1/4	4/4	2	1	1/2	1/2	1		6	42	640
185	0.3333333333333333	47	47	1/4	1/4	4/4	1	1	1/12	1/8	2/3		7	61	631
556/3	0.3333333333333333	47	47	1/3	1/3	4/4	1	1	1/12	1/8	2/3		5	59	632
557/3	0.3333333333333333	47	47	5/12	5/12	4/4	1	1	1/12	1/8	2/3		3	57	633
186	0.3333333333333333	47	47	1/2	1/2	4/4	1	1	1/12	1/8	2/3		8	56	634
559/3	0.3333333333333333	47	47	7/12	7/12	4/4	1	1	1/12	1/8	2/3		5	59	635
560/3	0.3333333333333333	47	47	2/3	2/3	4/4	1	1	1/12	1/8	2/3		2	62	636
187	1.0	47	47	3/4	3/4	4/4	2	1	1/4	1/4	1		4	40	641
187	0.3333333333333333	47	47	3/4	3/4	4/4	1	1	1/12	1/8	2/3		6	66	637
562/3	0.3333333333333333	47	47	5/6	5/6	4/4	1	1	1/12	1/8	2/3		4	64	638
563/3	0.3333333333333333	47	47	11/12	11/12	4/4	1	1	1/12	1/8	2/3		2	62	639
188	0.3333333333333333	48	48	0	0	4/4	1	1	1/12	1/8	2/3		7	61	642
565/3	0.3333333333333333	48	48	1/12	1/12	4/4	1	1	1/12	1/8	2/3		4	64	643
566/3	0.3333333333333333	48	48	1/6	1/6	4/4	1	1	1/12	1/8	2/3		8	68	644
189	2.0	48	48	1/4	1/4	4/4	2	1	1/2	1/2	1		3	33	654
189	2.0	48	48	1/4	1/4	4/4	2	1	1/2	1/2	1		3	45	654
189	0.3333333333333333	48	48	1/4	1/4	4/4	1	1	1/12	1/8	2/3		5	71	645
568/3	0.3333333333333333	48	48	1/3	1/3	4/4	1	1	1/12	1/8	2/3		3	69	646
569/3	0.3333333333333333	48	48	5/12	5/12	4/4	1	1	1/12	1/8	2/3		8	68	647
190	0.3333333333333333	48	48	1/2	1/2	4/4	1	1	1/12	1/8	2/3		6	66	648
571/3	0.3333333333333333	48	48	7/12	7/12	4/4	1	1	1/12	1/8	2/3		3	69	649
572/3	0.3333333333333333	48	48	2/3	2/3	4/4	1	1	1/12	1/8	2/3		7	73	650
191	1.0	48	48	3/4	3/4	4/4	2	1	1/4	1/4	1		2	38	655
191	1.0	48	48	3/4	3/4	4/4	2	1	1/4	1/4	1		2	50	655
191	0.3333333333333333	48	48	3/4	3/4	4/4	1	1	1/12	1/8	2/3		4	76	651
574/3	0.3333333333333333	48	48	5/6	5/6	4/4	1	1	1/12	1/8	2/3		2	74	652
575/3	0.3333333333333333	48	48	11/12	11/12	4/4	1	1	1/12	1/8	2/3		7	73	653
192	0.3333333333333333	49	49	0	0	4/4	1	1	1/12	1/8	2/3		5	71	656
577/3	0.3333333333333333	49	49	1/12	1/12	4/4	1	1	1/12	1/8	2/3		2	74	657
578/3	0.3333333333333333	49	49	1/6	1/6	4/4	1	1	1/12	1/8	2/3		6	78	658
193	1.0	49	49	1/4	1/4	4/4	2	1	1/4	1/4	1		5	35	666
193	1.0	49	49	1/4	1/4	4/4	2	1	1/4	1/4	1		5	47	666
193	1.0	49	49	1/4	1/4	4/4	1	1	1/4	1/4	1	1	3	81	659
194	1.0	49	49	1/2	1/2	4/4	2	1	1/4	1/4	1		6	54	667
194	1.0	49	49	1/2	1/2	4/4	2	1	1/4	1/4	1		5	59	667
194	1.0	49	49	1/2	1/2	4/4	2	1	1/4	1/4	1		2	62	667
194	1.0	49	49	1/2	1/2	4/4	2	1	1/4	1/4	1		6	66	667
194	1.0	49	49	1/2	1/2	4/4	1	2	1/4	1/4	1		5	71	664
194	1.0	49	49	1/2	1/2	4/4	1	2	1/4	1/4	1		2	74	664
194	0.5	49	49	1/2	1/2	4/4	1	1	1/8	1/8	1	-1	3	81	660
389/2	0.5	49	49	5/8	5/8	4/4	1	1	1/8	1/8	1		8	80	661
195	1.0	49	49	3/4	3/4	4/4	2	1	1/4	1/4	1		4	40	668
195	1.0	49	49	3/4	3/4	4/4	2	1	1/4	1/4	1		4	52	668
195	1.0	49	49	3/4	3/4	4/4	1	2	1/4	1/4	1		8	68	665
195	1.0	49	49	3/4	3/4	4/4	1	2	1/4	1/4	1		2	74	665
195	0.5	49	49	3/4	3/4	4/4	1	1	1/8	1/8	1		6	78	662
391/2	0.5	49	49	7/8	7/8	4/4	1	1	1/8	1/8	1		4	76	663
196	1.0	50	50	0	0	4/4	2	1	1/4	1/4	1		3	33	679
196	1.0	50	50	0	0	4/4	2	1	1/4	1/4	1		3	45	679
196	2.0	50	50	0	0	4/4	1	2	1/2	1/2	1		3	69	677
196	2.0	50	50	0	0	4/4	1	2	1/2	1/2	1		7	73	677
196	0.5	50	50	0	0	4/4	1	1	1/8	1/8	1		6	78	669
393/2	0.5	50	50	1/8	1/8	4/4	1	1	1/8	1/8	1		4	76	670
197	1.0	50	50	1/4	1/4	4/4	2	1	1/4	1/4	1		4	52	680
197	0.5	50	50	1/4	1/4	4/4	1	1	1/8	1/8	1		2	74	671
395/2	0.5	50	50	3/8	3/8	4/4	1	1	1/8	1/8	1		7	73	672
198	0.5	50	50	1/2	1/2	4/4	2	1	1/8	1/8	1		6	66	681
198	2.0	50	50	1/2	1/2	4/4	1	2	1/2	1/2	1		3	69	678
198	0.5	50	50	1/2	1/2	4/4	1	1	1/8	1/8	1		2	74	673
397/2	0.5	50	50	5/8	5/8	4/4	2	1	1/8	1/8	1		4	64	682
397/2	0.5	50	50	5/8	5/8	4/4	1	1	1/8	1/8	1		7	73	674
199	0.5	50	50	3/4	3/4	4/4	2	1	1/8	1/8	1		2	62	683
199	0.5	50	50	3/4	3/4	4/4	1	1	1/8	1/8	1		5	71	675
399/2	0.5	50	50	7/8	7/8	4/4	2	1	1/8	1/8	1		7	61	684
399/2	0.5	50	50	7/8	7/8	4/4	1	1	1/8	1/8	1		3	69	676
200	0.3333333333333333	51	51	0	0	4/4	1	1	1/12	1/8	2/3		2	50	685
601/3	0.3333333333333333	51	51	1/12	1/12	4/4	1	1	1/12	1/8	2/3		6	54	686
602/3	0.3333333333333333	51	51	1/6	1/6	4/4	1	1	1/12	1/8	2/3		3	57	687
201	2.0	51	51	1/4	1/4	4/4	2	1	1/2	1/2	1		6	42	697
201	0.3333333333333333	51	51	1/4	1/4	4/4	1	1	1/12	1/8	2/3		7	61	688
604/3	0.3333333333333333	51	51	1/3	1/3	4/4	1	1	1/12	1/8	2/3		5	59	689
605/3	0.3333333333333333	51	51	5/12	5/12	4/4	1	1	1/12	1/8	2/3		3	57	690
202	0.3333333333333333	51	51	1/2	1/2	4/4	1	1	1/12	1/8	2/3		8	56	691
607/3	0.3333333333333333	51	51	7/12	7/12	4/4	1	1	1/12	1/8	2/3		5	59	692
608/3	0.3333333333333333	51	51	2/3	2/3	4/4	1	1	1/12	1/8	2/3		2	62	693
203	1.0	51	51	3/4	3/4	4/4	2	1	1/4	1/4	1		4	40	698
203	0.3333333333333333	51	51	3/4	3/4	4/4	1	1	1/12	1/8	2/3		6	66	694
610/3	0.3333333333333333	51	51	5/6	5/6	4/4	1	1	1/12	1/8	2/3		4	64	695
611/3	0.3333333333333333	51	51	11/12	11/12	4/4	1	1	1/12	1/8	2/3		2	62	696
204	0.3333333333333333	52	52	0	0	4/4	1	1	1/12	1/8	2/3		7	61	699
613/3	0.3333333333333333	52	52	1/12	1/12	4/4	1	1	1/12	1/8	2/3		4	64	700
614/3	0.3333333333333333	52	52	1/6	1/6	4/4	1	1	1/12	1/8	2/3		8	68	701
205	2.0	52	52	1/4	1/4	4/4	2	1	1/2	1/2	1		3	33	711
205	2.0	52	52	1/4	1/4	4/4	2	1	1/2	1/2	1		3	45	711
205	0.3333333333333333	52	52	1/4	1/4	4/4	1	1	1/12	1/8	2/3		5	71	702
616/3	0.3333333333333333	52	52	1/3	1/3	4/4	1	1	1/12	1/8	2/3		3	69	703
617/3	0.3333333333333333	52	52	5/12	5/12	4/4	1	1	1/12	1/8	2/3		8	68	704
206	0.3333333333333333	52	52	1/2	1/2	4/4	1	1	1/12	1/8	2/3		6	66	705
619/3	0.3333333333333333	52	52	7/12	7/12	4/4	1	1	1/12	1/8	2/3		3	69	706
620/3	0.3333333333333333	52	52	2/3	2/3	4/4	1	1	1/12	1/8	2/3		7	73	707
207	1.0	52	52	3/4	3/4	4/4	2	1	1/4	1/4	1		2	38	712
207	1.0	52	52	3/4	3/4	4/4	2	1	1/4	1/4	1		2	50	712
207	0.3333333333333333	52	52	3/4	3/4	4/4	1	1	1/12	1/8	2/3		4	76	708
622/3	0.3333333333333333	52	52	5/6	5/6	4/4	1	1	1/12	1/8	2/3		2	74	709
623/3	0.3333333333333333	52	52	11/12	11/12	4/4	1	1	1/12	1/8	2/3		7	73	710
208	0.3333333333333333	53	53	0	0	4/4	1	1	1/12	1/8	2/3		5	71	713
625/3	0.3333333333333333	53	53	1/12	1/12	4/4	1	1	1/12	1/8	2/3		2	74	714
626/3	0.3333333333333333	53	53	1/6	1/6	4/4	1	1	1/12	1/8	2/3		6	78	715
209	0.5	53	53	1/4	1/4	4/4	2	1	1/8	1/8	1		5	35	722
209	0.5	53	53	1/4	1/4	4/4	2	1	1/8	1/8	1		5	47	722
209	1.0	53	53	1/4	1/4	4/4	1	1	1/4	1/4	1	1	3	81	716
210	2.0	53	53	1/2	1/2	4/4	2	1	1/2	1/2	1		6	54	723
210	2.0	53	53	1/2	1/2	4/4	2	1	1/2	1/2	1		5	59	723
210	2.0	53	53	1/2	1/2	4/4	2	1	1/2	1/2	1		2	62	723
210	2.0	53	53	1/2	1/2	4/4	2	1	1/2	1/2	1		6	66	723
210	2.0	53	53	1/2	1/2	4/4	1	2	1/2	1/2	1		5	71	721
210	2.0	53	53	1/2	1/2	4/4	1	2	1/2	1/2	1		2	74	721
210	0.5	53	53	1/2	1/2	4/4	1	1	1/8	1/8	1	-1	3	81	717
421/2	0.5	53	53	5/8	5/8	4/4	1	1	1/8	1/8	1		8	80	718
211	0.5	53	53	3/4	3/4	4/4	1	1	1/8	1/8	1		6	78	719
423/2	0.5	53	53	7/8	7/8	4/4	1	1	1/8	1/8	1		8	80	720
212	0.3333333333333333	54	54	0	0	4/4	1	1	1/12	1/8	2/3		5	71	724
637/3	0.3333333333333333	54	54	1/12	1/12	4/4	1	1	1/12	1/8	2/3		2	74	725
638/3	0.3333333333333333	54	54	1/6	1/6	4/4	1	1	1/12	1/8	2/3		6	78	726
213	0.5	54	54	1/4	1/4	4/4	2	1	1/8	1/8	1		5	35	733
213	0.5	54	54	1/4	1/4	4/4	2	1	1/8	1/8	1		5	47	733
213	1.0	54	54	1/4	1/4	4/4	1	1	1/4	1/4	1	1	3	81	727
214	2.0	54	54	1/2	1/2	4/4	2	1	1/2	1/2	1		6	54	734
214	2.0	54	54	1/2	1/2	4/4	2	1	1/2	1/2	1		5	59	734
214	2.0	54	54	1/2	1/2	4/4	2	1	1/2	1/2	1		2	62	734
214	2.0	54	54	1/2	1/2	4/4	2	1	1/2	1/2	1		6	66	734
214	2.0	54	54	1/2	1/2	4/4	1	2	1/2	1/2	1		5	71	732
214	2.0	54	54	1/2	1/2	4/4	1	2	1/2	1/2	1		2	74	732
214	0.5	54	54	1/2	1/2	4/4	1	1	1/8	1/8	1	-1	3	81	728
429/2	0.5	54	54	5/8	5/8	4/4	1	1	1/8	1/8	1		8	80	729
215	0.5	54	54	3/4	3/4	4/4	1	1	1/8	1/8	1		6	78	730
431/2	0.5	54	54	7/8	7/8	4/4	1	1	1/8	1/8	1		8	80	731
216	2.0	55	55	0	0	4/4	2	2	1/2	1/2	1		4	52	747
216	4.0	55	55	0	0	4/4	2	1	1	1	1		2	62	746
216	2.0	55	55	0	0	4/4	1	2	1/2	1/2	1		8	68	743
216	0.3333333333333333	55	55	0	0	4/4	1	1	1/12	1/8	2/3		4	76	735
649/3	0.3333333333333333	55	55	1/12	1/12	4/4	1	1	1/12	1/8	2/3		2	74	736
650/3	0.3333333333333333	55	55	1/6	1/6	4/4	1	1	1/12	1/8	2/3		4	76	737
217	1.0	55	55	1/4	1/4	4/4	1	1	1/4	1/4	1	1	7	73	738
218	1.0	55	55	1/2	1/2	4/4	2	2	1/4	1/4	1		6	54	748
218	1.0	55	55	1/2	1/2	4/4	1	2	1/4	1/4	1		6	66	744
218	0.5	55	55	1/2	1/2	4/4	1	1	1/8	1/8	1	-1	7	73	739
437/2	0.5	55	55	5/8	5/8	4/4	1	1	1/8	1/8	1		5	71	740
219	1.0	55	55	3/4	3/4	4/4	2	2	1/4	1/4	1		8	56	749
219	1.0	55	55	3/4	3/4	4/4	1	2	1/4	1/4	1		-1	65	745
219	0.5	55	55	3/4	3/4	4/4	1	1	1/8	1/8	1		5	71	741
439/2	0.5	55	55	7/8	7/8	4/4	1	1	1/8	1/8	1		7	73	742
220	2.0	56	56	0	0	4/4	2	1	1/2	1/2	1		3	57	755
220	2.0	56	56	0	0	4/4	2	1	1/2	1/2	1		7	61	755
220	2.0	56	56	0	0	4/4	1	2	1/2	1/2	1		4	64	753
220	1.0	56	56	0	0	4/4	1	1	1/4	1/4	1		3	69	750
221	2.0	56	56	1/4	1/4	4/4	1	1	1/2	1/2	1		6	66	751
222	2.0	56	56	1/2	1/2	4/4	2	1	1/2	1/2	1		5	47	756
222	2.0	56	56	1/2	1/2	4/4	2	1	1/2	1/2	1		3	57	756
222	2.0	56	56	1/2	1/2	4/4	1	2	1/2	1/2	1		9	63	754
223	1.0	56	56	3/4	3/4	4/4	1	1	1/4	1/4	1		8	68	752
224	1.0	57	57	0	0	4/4	2	1	1/4	1/4	1		4	40	763
224	1.0	57	57	0	0	4/4	2	1	1/4	1/4	1		5	47	763
224	1.0	57	57	0	0	4/4	1	2	1/4	1/4	1		8	56	761
224	1.0	57	57	0	0	4/4	1	2	1/4	1/4	1		2	62	761
224	0.5	57	57	0	0	4/4	1	1	1/8	1/8	1		6	66	757
449/2	0.5	57	57	1/8	1/8	4/4	1	1	1/8	1/8	1		4	64	758
225	3.0	57	57	1/4	1/4	4/4	2	2	3/4	1/2	3/2		8	56	766
225	3.0	57	57	1/4	1/4	4/4	2	2	3/4	1/2	3/2		2	62	766
225	2.0	57	57	1/4	1/4	4/4	2	1	1/2	1/2	1		6	66	764
225	3.0	57	57	1/4	1/4	4/4	1	2	3/4	1/2	3/2		5	71	762
225	3.0	57	57	1/4	1/4	4/4	1	2	3/4	1/2	3/2		2	74	762
225	2.0	57	57	1/4	1/4	4/4	1	1	1/2	1/2	1		6	78	759
227	1.0	57	57	3/4	3/4	4/4	2	1	1/4	1/4	1		4	64	765
227	1.0	57	57	3/4	3/4	4/4	1	1	1/4	1/4	1		4	76	760
228	1.0	58	58	0	0	4/4	2	1	1/4	1/4	1		3	45	776
228	1.0	58	58	0	0	4/4	2	1	1/4	1/4	1		4	52	776
228	1.0	58	58	0	0	4/4	1	2	1/4	1/4	1		3	57	774
228	1.0	58	58	0	0	4/4	1	2	1/4	1/4	1		7	61	774
228	0.5	58	58	0	0	4/4	1	1	1/8	1/8	1		6	66	767
457/2	0.5	58	58	1/8	1/8	4/4	1	1	1/8	1/8	1		4	64	768
229	3.0	58	58	1/4	1/4	4/4	2	1	3/4	1/2	3/2		4	52	777
229	3.0	58	58	1/4	1/4	4/4	2	1	3/4	1/2	3/2		3	57	777
229	3.0	58	58	1/4	1/4	4/4	2	1	3/4	1/2	3/2		7	61	777
229	3.0	58	58	1/4	1/4	4/4	2	1	3/4	1/2	3/2		4	64	777
229	3.0	58	58	1/4	1/4	4/4	1	2	3/4	1/2	3/2		3	69	775
229	3.0	58	58	1/4	1/4	4/4	1	2	3/4	1/2	3/2		7	73	775
229	1.0	58	58	1/4	1/4	4/4	1	1	1/4	1/4	1	1	8	80	769
230	0.5	58	58	1/2	1/2	4/4	1	1	1/8	1/8	1	-1	8	80	770
461/2	0.5	58	58	5/8	5/8	4/4	1	1	1/8	1/8	1		5	83	771
231	0.5	58	58	3/4	3/4	4/4	1	1	1/8	1/8	1		3	81	772
463/2	0.5	58	58	7/8	7/8	4/4	1	1	1/8	1/8	1		6	78	773
232	0.5	59	59	0	0	4/4	2	2	1/8	1/8	1		5	59	790
232	3.0	59	59	0	0	4/4	2	1	3/4	1/2	3/2		6	66	788
232	3.0	59	59	0	0	4/4	1	2	3/4	1/2	3/2		3	69	786
232	0.3333333333333333	59	59	0	0	4/4	1	1	1/12	1/8	2/3		4	76	778
697/3	0.3333333333333333	59	59	1/12	1/12	4/4	1	1	1/12	1/8	2/3		2	74	779
465/2	0.5	59	59	1/8	1/8	4/4	2	2	1/8	1/8	1		7	61	791
698/3	0.3333333333333333	59	59	1/6	1/6	4/4	1	1	1/12	1/8	2/3		4	76	780
233	3.0	59	59	1/4	1/4	4/4	2	2	3/4	1/2	3/2		2	62	792
233	1.0	59	59	1/4	1/4	4/4	1	1	1/4	1/4	1	1	7	73	781
234	0.5	59	59	1/2	1/2	4/4	1	1	1/8	1/8	1	-1	7	73	782
469/2	0.5	59	59	5/8	5/8	4/4	1	1	1/8	1/8	1		5	71	783
235	1.0	59	59	3/4	3/4	4/4	2	1	1/4	1/4	1		-1	65	789
235	1.0	59	59	3/4	3/4	4/4	1	2	1/4	1/4	1		8	68	787
235	0.5	59	59	3/4	3/4	4/4	1	1	1/8	1/8	1		5	71	784
471/2	0.5	59	59	7/8	7/8	4/4	1	1	1/8	1/8	1		7	73	785
236	1.0	60	60	0	0	4/4	2	1	1/4	1/4	1		6	54	802
236	1.0	60	60	0	0	4/4	2	1	1/4	1/4	1		7	61	802
236	2.0	60	60	0	0	4/4	1	2	1/2	1/2	1		4	64	799
236	1.0	60	60	0	0	4/4	1	1	1/4	1/4	1		3	69	793
237	2.0	60	60	1/4	1/4	4/4	2	1	1/2	1/2	1		5	47	803
237	2.0	60	60	1/4	1/4	4/4	2	1	1/2	1/2	1		3	57	803
237	1.0	60	60	1/4	1/4	4/4	1	1	1/4	1/4	1	1	8	68	794
238	1.0	60	60	1/2	1/2	4/4	1	2	1/4	1/4	1		9	63	800
238	0.5	60	60	1/2	1/2	4/4	1	1	1/8	1/8	1	-1	8	68	795
477/2	0.5	60	60	5/8	5/8	4/4	1	1	1/8	1/8	1		6	66	796
239	1.0	60	60	3/4	3/4	4/4	2	1	1/4	1/4	1		3	45	804
239	1.0	60	60	3/4	3/4	4/4	2	1	1/4	1/4	1		9	51	804
239	1.0	60	60	3/4	3/4	4/4	1	2	1/4	1/4	1		7	61	801
239	0.5	60	60	3/4	3/4	4/4	1	1	1/8	1/8	1		6	66	797
479/2	0.5	60	60	7/8	7/8	4/4	1	1	1/8	1/8	1		8	68	798
240	1.0	61	61	0	0	4/4	2	1	1/4	1/4	1		8	44	811
240	1.0	61	61	0	0	4/4	2	1	1/4	1/4	1		4	52	811
240	1.0	61	61	0	0	4/4	1	2	1/4	1/4	1		5	59	810
240	0.3333333333333333	61	61	0	0	4/4	1	1	1/12	1/8	2/3		6	66	805
721/3	0.3333333333333333	61	61	1/12	1/12	4/4	1	1	1/12	1/8	2/3		4	64	806
722/3	0.3333333333333333	61	61	1/6	1/6	4/4	1	1	1/12	1/8	2/3		5	59	807
241	2.0	61	61	1/4	1/4	4/4	2	1	1/2	1/2	1		6	42	812
241	2.0	61	61	1/4	1/4	4/4	2	1	1/2	1/2	1		4	52	812
241	2.0	61	61	1/4	1/4	4/4	1	1	1/2	1/2	1		3	57	808
241	2.0	61	61	1/4	1/4	4/4	1	1	1/2	1/2	1		7	61	808
243	1.0	61	61	3/4	3/4	4/4	2	1	1/4	1/4	1		5	35	813
243	1.0	61	61	3/4	3/4	4/4	2	1	1/4	1/4	1		5	47	813
243	1.0	61	61	3/4	3/4	4/4	1	1	1/4	1/4	1		3	57	809
243	1.0	61	61	3/4	3/4	4/4	1	1	1/4	1/4	1		7	61	809
243	1.0	61	61	3/4	3/4	4/4	1	1	1/4	1/4	1		4	64	809
244	2.0	62	62	0	0	4/4	2	1	1/2	1/2	1		4	40	817
244	2.0	62	62	0	0	4/4	2	1	1/2	1/2	1		5	47	817
244	1.0	62	62	0	0	4/4	1	2	1/4	1/4	1		3	57	815
244	3.0	62	62	0	0	4/4	1	1	3/4	1/2	3/2		5	59	814
244	3.0	62	62	0	0	4/4	1	1	3/4	1/2	3/2		4	64	814
245	2.0	62	62	1/4	1/4	4/4	1	2	1/2	1/2	1		8	56	816
246	1.0	62	62	1/2	1/2	4/4	2	1	1/4	1/4	1		4	40	818
247	1.0	62	62	3/4	3/4	4/4	2	1	1/4	1/4	1		4	52	819
248	1.0	63	63	0	0	4/4	2	1	1/4	1/4	1		4	40	826
248	1.0	63	63	0	0	4/4	2	1	1/4	1/4	1		0	48	826
248	1.0	63	63	0	0	4/4	1	2	1/4	1/4	1		1	55	825
248	1.0	63	63	0	0	4/4	1	2	1/4	1/4	1		0	60	825
248	0.3333333333333333	63	63	0	0	4/4	1	1	1/12	1/8	2/3		1	67	820
745/3	0.3333333333333333	63	63	1/12	1/12	4/4	1	1	1/12	1/8	2/3		-1	65	821
746/3	0.3333333333333333	63	63	1/6	1/6	4/4	1	1	1/12	1/8	2/3		1	67	822
249	2.0	63	63	1/4	1/4	4/4	2	1	1/2	1/2	1		-1	41	827
249	2.0	63	63	1/4	1/4	4/4	2	1	1/2	1/2	1		0	48	827
249	2.0	63	63	1/4	1/4	4/4	1	1	1/2	1/2	1		3	57	823
249	2.0	63	63	1/4	1/4	4/4	1	1	1/2	1/2	1		0	60	823
249	2.0	63	63	1/4	1/4	4/4	1	1	1/2	1/2	1		4	64	823
251	1.0	63	63	3/4	3/4	4/4	2	2	1/4	1/4	1		1	43	829
251	1.0	63	63	3/4	3/4	4/4	2	1	1/4	1/4	1		-1	53	828
251	1.0	63	63	3/4	3/4	4/4	2	1	1/4	1/4	1		5	59	828
251	1.0	63	63	3/4	3/4	4/4	1	1	1/4	1/4	1		2	62	824
252	1.0	64	64	0	0	4/4	2	2	1/4	1/4	1		3	45	836
252	1.0	64	64	0	0	4/4	2	1	1/4	1/4	1		4	52	833
252	1.0	64	64	0	0	4/4	2	1	1/4	1/4	1		3	57	833
252	1.0	64	64	0	0	4/4	1	1	1/4	1/4	1		0	60	830
253	2.0	64	64	1/4	1/4	4/4	2	2	1/2	1/2	1		5	47	837
253	2.0	64	64	1/4	1/4	4/4	2	1	1/2	1/2	1		2	50	834
253	2.0	64	64	1/4	1/4	4/4	2	1	1/2	1/2	1		-1	53	834
253	2.0	64	64	1/4	1/4	4/4	1	1	1/2	1/2	1		1	55	831
255	1.0	64	64	3/4	3/4	4/4	2	2	1/4	1/4	1		3	45	838
255	1.0	64	64	3/4	3/4	4/4	2	1	1/4	1/4	1		4	52	835
255	1.0	64	64	3/4	3/4	4/4	2	1	1/4	1/4	1		3	57	835
255	1.0	64	64	3/4	3/4	4/4	1	1	1/4	1/4	1		0	60	832
256	1.0	65	65	0	0	4/4	2	2	1/4	1/4	1		1	43	848
256	1.0	65	65	0	0	4/4	2	1	1/4	1/4	1		-1	53	845
256	1.0	65	65	0	0	4/4	2	1	1/4	1/4	1		5	59	845
256	1.0	65	65	0	0	4/4	1	1	1/4	1/4	1		2	62	839
257	1.0	65	65	1/4	1/4	4/4	2	2	1/4	1/4	1		-1	41	849
257	1.0	65	65	1/4	1/4	4/4	2	1	1/4	1/4	1		3	57	846
257	1.0	65	65	1/4	1/4	4/4	1	1	1/4	1/4	1		0	60	840
257	1.0	65	65	1/4	1/4	4/4	1	1	1/4	1/4	1		-1	65	840
258	1.0	65	65	1/2	1/2	4/4	2	2	1/4	1/4	1		4	40	850
258	1.0	65	65	1/2	1/2	4/4	2	1	1/4	1/4	1		1	55	847
258	1.0	65	65	1/2	1/2	4/4	1	1	1/4	1/4	1		0	60	841
258	1.0	65	65	1/2	1/2	4/4	1	1	1/4	1/4	1		1	67	841
259	1.0	65	65	3/4	3/4	4/4	2	2	1/4	1/4	1		2	38	851
259	1.0	65	65	3/4	3/4	4/4	2	2	1/4	1/4	1		2	50	851
259	1.0	65	65	3/4	3/4	4/4	1	2	1/4	1/4	1		0	60	844
259	1.0	65	65	3/4	3/4	4/4	1	2	1/4	1/4	1		-1	65	844
259	0.5	65	65	3/4	3/4	4/4	1	1	1/8	1/8	1		3	69	842
519/2	0.5	65	65	7/8	7/8	4/4	1	1	1/8	1/8	1		0	72	843
260	0.5	66	66	0	0	4/4	2	1	1/8	1/8	1		1	31	855
260	4.0	66	66	0	0	4/4	1	2	1	1	1		-1	65	854
260	2.0	66	66	0	0	4/4	1	1	1/2	1/2	1		5	71	852
260	2.0	66	66	0	0	4/4	1	1	1/2	1/2	1		2	74	852
521/2	0.5	66	66	1/8	1/8	4/4	2	1	1/8	1/8	1		1	43	856
261	0.5	66	66	1/4	1/4	4/4	2	1	1/8	1/8	1		2	50	857
523/2	0.5	66	66	3/8	3/8	4/4	2	1	1/8	1/8	1		-1	53	858
262	0.5	66	66	1/2	1/2	4/4	2	1	1/8	1/8	1		1	55	859
262	2.0	66	66	1/2	1/2	4/4	1	1	1/2	1/2	1		1	67	853
525/2	0.5	66	66	5/8	5/8	4/4	2	1	1/8	1/8	1		5	59	860
263	0.5	66	66	3/4	3/4	4/4	2	1	1/8	1/8	1		2	62	861
527/2	0.5	66	66	7/8	7/8	4/4	2	1	1/8	1/8	1		-1	65	862
264	2.0	67	67	0	0	4/4	2	1	1/2	1/2	1		4	64	869
264	2.0	67	67	0	0	4/4	2	1	1/2	1/2	1		1	67	869
264	4.0	67	67	0	0	4/4	1	2	1	1	1	1	0	72	868
264	0.3333333333333333	67	67	0	0	4/4	1	1	1/12	1/8	2/3		1	79	863
793/3	0.3333333333333333	67	67	1/12	1/12	4/4	1	1	1/12	1/8	2/3		-1	77	864
794/3	0.3333333333333333	67	67	1/6	1/6	4/4	1	1	1/12	1/8	2/3		1	79	865
265	2.0	67	67	1/4	1/4	4/4	1	1	1/2	1/2	1		4	76	866
266	2.0	67	67	1/2	1/2	4/4	2	1	1/2	1/2	1		-1	65	870
266	2.0	67	67	1/2	1/2	4/4	2	1	1/2	1/2	1		3	69	870
267	1.0	67	67	3/4	3/4	4/4	1	1	1/4	1/4	1		2	74	867
268	2.0	68	68	0	0	4/4	2	1	1/2	1/2	1		1	67	874
268	2.0	68	68	0	0	4/4	2	1	1/2	1/2	1		-2	70	874
268	4.0	68	68	0	0	4/4	1	2	1	1	1	-1	0	72	873
268	2.0	68	68	0	0	4/4	1	1	1/2	1/2	1		4	76	871
270	2.0	68	68	1/2	1/2	4/4	2	1	1/2	1/2	1		-1	65	875
270	2.0	68	68	1/2	1/2	4/4	2	1	1/2	1/2	1		3	69	875
270	2.0	68	68	1/2	1/2	4/4	1	1	1/2	1/2	1		-1	77	872
272	4.0	69	69	0	0	4/4	2	2	1	1	1	1	4	64	883
272	4.0	69	69	0	0	4/4	2	1	1	1	1		1	67	882
272	4.0	69	69	0	0	4/4	1	2	1	1	1	1	0	72	881
272	0.3333333333333333	69	69	0	0	4/4	1	1	1/12	1/8	2/3		1	79	876
817/3	0.3333333333333333	69	69	1/12	1/12	4/4	1	1	1/12	1/8	2/3		-1	77	877
818/3	0.3333333333333333	69	69	1/6	1/6	4/4	1	1	1/12	1/8	2/3		1	79	878
273	2.0	69	69	1/4	1/4	4/4	1	1	1/2	1/2	1		4	76	879
275	1.0	69	69	3/4	3/4	4/4	1	1	1/4	1/4	1		1	79	880
276	3.0	70	70	0	0	4/4	2	2	3/4	1/2	3/2	0	4	64	892
276	4.0	70	70	0	0	4/4	2	1	1	1	1		8	68	891
276	2.0	70	70	0	0	4/4	1	2	1/2	1/2	1	-1	0	72	889
276	0.3333333333333333	70	70	0	0	4/4	1	1	1/12	1/8	2/3		8	80	884
829/3	0.3333333333333333	70	70	1/12	1/12	4/4	1	1	1/12	1/8	2/3		6	78	885
830/3	0.3333333333333333	70	70	1/6	1/6	4/4	1	1	1/12	1/8	2/3		8	80	886
277	2.0	70	70	1/4	1/4	4/4	1	1	1/2	1/2	1		4	76	887
278	2.0	70	70	1/2	1/2	4/4	1	2	1/2	1/2	1		7	73	890
279	0.5	70	70	3/4	3/4	4/4	2	2	1/8	1/8	1	-1	4	64	893
279	1.0	70	70	3/4	3/4	4/4	1	1	1/4	1/4	1		8	80	888
559/2	0.5	70	70	7/8	7/8	4/4	2	2	1/8	1/8	1		9	63	894
280	0.3333333333333333	71	71	0	0	4/4	2	1	1/12	1/8	2/3		7	61	903
280	2.0	71	71	0	0	4/4	1	1	1/2	1/2	1		3	81	895
841/3	0.3333333333333333	71	71	1/12	1/12	4/4	2	1	1/12	1/8	2/3		4	64	904
842/3	0.3333333333333333	71	71	1/6	1/6	4/4	2	1	1/12	1/8	2/3		3	69	905
281	0.3333333333333333	71	71	1/4	1/4	4/4	1	2	1/12	1/8	2/3		7	73	897
844/3	0.3333333333333333	71	71	1/3	1/3	4/4	1	2	1/12	1/8	2/3		4	76	898
845/3	0.3333333333333333	71	71	5/12	5/12	4/4	1	2	1/12	1/8	2/3		6	78	899
282	0.3333333333333333	71	71	1/2	1/2	4/4	1	2	1/12	1/8	2/3		8	80	900
282	2.0	71	71	1/2	1/2	4/4	1	1	1/2	1/2	1		8	80	896
847/3	0.3333333333333333	71	71	7/12	7/12	4/4	1	2	1/12	1/8	2/3		9	75	901
848/3	0.3333333333333333	71	71	2/3	2/3	4/4	1	2	1/12	1/8	2/3		5	71	902
283	0.3333333333333333	71	71	3/4	3/4	4/4	2	1	1/12	1/8	2/3		8	68	906
850/3	0.3333333333333333	71	71	5/6	5/6	4/4	2	1	1/12	1/8	2/3		9	63	907
851/3	0.3333333333333333	71	71	11/12	11/12	4/4	2	1	1/12	1/8	2/3		5	59	908
284	0.3333333333333333	72	72	0	0	4/4	2	1	1/12	1/8	2/3		3	57	917
284	2.0	72	72	0	0	4/4	1	1	1/2	1/2	1		6	78	909
853/3	0.3333333333333333	72	72	1/12	1/12	4/4	2	1	1/12	1/8	2/3		7	61	918
854/3	0.3333333333333333	72	72	1/6	1/6	4/4	2	1	1/12	1/8	2/3		6	66	919
285	0.3333333333333333	72	72	1/4	1/4	4/4	1	2	1/12	1/8	2/3		3	69	911
856/3	0.3333333333333333	72	72	1/3	1/3	4/4	1	2	1/12	1/8	2/3		7	73	912
857/3	0.3333333333333333	72	72	5/12	5/12	4/4	1	2	1/12	1/8	2/3		9	75	913
286	0.3333333333333333	72	72	1/2	1/2	4/4	1	2	1/12	1/8	2/3		4	76	914
286	2.0	72	72	1/2	1/2	4/4	1	1	1/2	1/2	1		4	76	910
859/3	0.3333333333333333	72	72	7/12	7/12	4/4	1	2	1/12	1/8	2/3		5	71	915
860/3	0.3333333333333333	72	72	2/3	2/3	4/4	1	2	1/12	1/8	2/3		8	68	916
287	0.3333333333333333	72	72	3/4	3/4	4/4	2	1	1/12	1/8	2/3		4	64	920
862/3	0.3333333333333333	72	72	5/6	5/6	4/4	2	1	1/12	1/8	2/3		5	59	921
863/3	0.3333333333333333	72	72	11/12	11/12	4/4	2	1	1/12	1/8	2/3		8	56	922
288	0.3333333333333333	73	73	0	0	4/4	2	1	1/12	1/8	2/3		6	54	933
288	2.0	73	73	0	0	4/4	2	2	1/2	1/2	1		6	54	941
865/3	0.3333333333333333	73	73	1/12	1/12	4/4	2	1	1/12	1/8	2/3		3	57	934
866/3	0.3333333333333333	73	73	1/6	1/6	4/4	2	1	1/12	1/8	2/3	1	7	61	935
289	1.0	73	73	1/4	1/4	4/4	2	1	1/4	1/4	1	-1	7	61	936
289	0.3333333333333333	73	73	1/4	1/4	4/4	1	2	1/12	1/8	2/3		7	73	926
289	1.0	73	73	1/4	1/4	4/4	1	1	1/4	1/4	1		7	73	923
868/3	0.3333333333333333	73	73	1/3	1/3	4/4	1	2	1/12	1/8	2/3		6	66	927
869/3	0.3333333333333333	73	73	5/12	5/12	4/4	1	2	1/12	1/8	2/3	1	3	69	928
290	0.3333333333333333	73	73	1/2	1/2	4/4	2	1	1/12	1/8	2/3		4	52	937
290	2.0	73	73	1/2	1/2	4/4	2	2	1/2	1/2	1		4	52	942
290	1.0	73	73	1/2	1/2	4/4	1	2	1/4	1/4	1	-1	3	69	929
290	1.0	73	73	1/2	1/2	4/4	1	1	1/4	1/4	1		6	78	924
871/3	0.3333333333333333	73	73	7/12	7/12	4/4	2	1	1/12	1/8	2/3		3	57	938
872/3	0.3333333333333333	73	73	2/3	2/3	4/4	2	1	1/12	1/8	2/3	1	7	61	939
291	1.0	73	73	3/4	3/4	4/4	2	1	1/4	1/4	1	-1	7	61	940
291	0.3333333333333333	73	73	3/4	3/4	4/4	1	2	1/12	1/8	2/3		7	73	930
291	1.0	73	73	3/4	3/4	4/4	1	1	1/4	1/4	1	1	7	73	925
874/3	0.3333333333333333	73	73	5/6	5/6	4/4	1	2	1/12	1/8	2/3		6	66	931
875/3	0.3333333333333333	73	73	11/12	11/12	4/4	1	2	1/12	1/8	2/3	1	3	69	932
292	0.3333333333333333	74	74	0	0	4/4	2	1	1/12	1/8	2/3		9	51	955
292	2.0	74	74	0	0	4/4	2	2	1/2	1/2	1		9	51	963
292	1.0	74	74	0	0	4/4	1	2	1/4	1/4	1	-1	3	69	947
292	1.0	74	74	0	0	4/4	1	1	1/4	1/4	1	-1	7	73	943
877/3	0.3333333333333333	74	74	1/12	1/12	4/4	2	1	1/12	1/8	2/3		3	57	956
878/3	0.3333333333333333	74	74	1/6	1/6	4/4	2	1	1/12	1/8	2/3	1	7	61	957
293	1.0	74	74	1/4	1/4	4/4	2	1	1/4	1/4	1	-1	7	61	958
293	0.3333333333333333	74	74	1/4	1/4	4/4	1	2	1/12	1/8	2/3		7	73	948
293	1.0	74	74	1/4	1/4	4/4	1	1	1/4	1/4	1		7	73	944
880/3	0.3333333333333333	74	74	1/3	1/3	4/4	1	2	1/12	1/8	2/3		6	66	949
881/3	0.3333333333333333	74	74	5/12	5/12	4/4	1	2	1/12	1/8	2/3	1	3	69	950
294	0.3333333333333333	74	74	1/2	1/2	4/4	2	1	1/12	1/8	2/3		7	49	959
294	2.0	74	74	1/2	1/2	4/4	2	2	1/2	1/2	1		7	49	964
294	1.0	74	74	1/2	1/2	4/4	1	2	1/4	1/4	1	-1	3	69	951
294	1.0	74	74	1/2	1/2	4/4	1	1	1/4	1/4	1		6	78	945
883/3	0.3333333333333333	74	74	7/12	7/12	4/4	2	1	1/12	1/8	2/3		3	57	960
884/3	0.3333333333333333	74	74	2/3	2/3	4/4	2	1	1/12	1/8	2/3	1	4	64	961
295	1.0	74	74	3/4	3/4	4/4	2	1	1/4	1/4	1	-1	4	64	962
295	0.3333333333333333	74	74	3/4	3/4	4/4	1	2	1/12	1/8	2/3		3	81	952
295	1.0	74	74	3/4	3/4	4/4	1	1	1/4	1/4	1	1	3	81	946
886/3	0.3333333333333333	74	74	5/6	5/6	4/4	1	2	1/12	1/8	2/3		3	69	953
887/3	0.3333333333333333	74	74	11/12	11/12	4/4	1	2	1/12	1/8	2/3		7	73	954
296	0.3333333333333333	75	75	0	0	4/4	2	1	1/12	1/8	2/3		5	47	970
296	1.0	75	75	0	0	4/4	1	1	1/4	1/4	1	-1	3	81	965
889/3	0.3333333333333333	75	75	1/12	1/12	4/4	2	1	1/12	1/8	2/3		6	54	971
890/3	0.3333333333333333	75	75	1/6	1/6	4/4	2	1	1/12	1/8	2/3		3	57	972
297	0.3333333333333333	75	75	1/4	1/4	4/4	2	1	1/12	1/8	2/3		7	61	973
297	2.0	75	75	1/4	1/4	4/4	1	1	1/2	1/2	1	1	3	81	966
892/3	0.3333333333333333	75	75	1/3	1/3	4/4	2	1	1/12	1/8	2/3		9	63	974
893/3	0.3333333333333333	75	75	5/12	5/12	4/4	2	1	1/12	1/8	2/3		6	66	975
298	0.3333333333333333	75	75	1/2	1/2	4/4	2	1	1/12	1/8	2/3		3	69	976
895/3	0.3333333333333333	75	75	7/12	7/12	4/4	2	1	1/12	1/8	2/3		7	73	977
896/3	0.3333333333333333	75	75	2/3	2/3	4/4	2	1	1/12	1/8	2/3		9	75	978
299	0.3333333333333333	75	75	3/4	3/4	4/4	2	1	1/12	1/8	2/3		7	73	979
299	0.3333333333333333	75	75	3/4	3/4	4/4	1	1	1/12	1/8	2/3	-1	3	81	967
898/3	0.3333333333333333	75	75	5/6	5/6	4/4	2	1	1/12	1/8	2/3		5	71	980
898/3	0.3333333333333333	75	75	5/6	5/6	4/4	1	1	1/12	1/8	2/3		8	80	968
899/3	0.3333333333333333	75	75	11/12	11/12	4/4	2	1	1/12	1/8	2/3		3	69	981
899/3	0.3333333333333333	75	75	11/12	11/12	4/4	1	1	1/12	1/8	2/3		6	78	969
300	0.5	76	76	0	0	4/4	2	1	1/8	1/8	1		4	40	991
601/2	0.5	76	76	1/8	1/8	4/4	2	1	1/8	1/8	1		5	47	992
301	0.5	76	76	1/4	1/4	4/4	2	1	1/8	1/8	1		4	52	993
301	0.3333333333333333	76	76	1/4	1/4	4/4	1	1	1/12	1/8	2/3		4	76	982
904/3	0.3333333333333333	76	76	1/3	1/3	4/4	1	1	1/12	1/8	2/3		6	78	983
603/2	0.5	76	76	3/8	3/8	4/4	2	1	1/8	1/8	1		8	56	994
905/3	0.3333333333333333	76	76	5/12	5/12	4/4	1	1	1/12	1/8	2/3		7	73	984
302	0.5	76	76	1/2	1/2	4/4	2	1	1/8	1/8	1		5	59	995
302	0.3333333333333333	76	76	1/2	1/2	4/4	1	1	1/12	1/8	2/3		4	76	985
907/3	0.3333333333333333	76	76	7/12	7/12	4/4	1	1	1/12	1/8	2/3		5	71	986
605/2	0.5	76	76	5/8	5/8	4/4	2	1	1/8	1/8	1		8	56	996
908/3	0.3333333333333333	76	76	2/3	2/3	4/4	1	1	1/12	1/8	2/3		7	73	987
303	0.5	76	76	3/4	3/4	4/4	2	1	1/8	1/8	1		4	52	997
303	0.3333333333333333	76	76	3/4	3/4	4/4	1	1	1/12	1/8	2/3		8	68	988
910/3	0.3333333333333333	76	76	5/6	5/6	4/4	1	1	1/12	1/8	2/3		5	71	989
607/2	0.5	76	76	7/8	7/8	4/4	2	1	1/8	1/8	1		5	47	998
911/3	0.3333333333333333	76	76	11/12	11/12	4/4	1	1	1/12	1/8	2/3		6	66	990
304	0.5	77	77	0	0	4/4	2	1	1/8	1/8	1		4	40	1004
304	0.3333333333333333	77	77	0	0	4/4	1	1	1/12	1/8	2/3		8	68	999
913/3	0.3333333333333333	77	77	1/12	1/12	4/4	1	1	1/12	1/8	2/3		4	64	1000
609/2	0.5	77	77	1/8	1/8	4/4	2	1	1/8	1/8	1		7	49	1005
914/3	0.3333333333333333	77	77	1/6	1/6	4/4	1	1	1/12	1/8	2/3		8	68	1001
305	0.5	77	77	1/4	1/4	4/4	2	1	1/8	1/8	1		4	52	1006
305	2.0	77	77	1/4	1/4	4/4	1	1	1/2	1/2	1		9	63	1002
611/2	0.5	77	77	3/8	3/8	4/4	2	1	1/8	1/8	1		8	56	1007
306	0.5	77	77	1/2	1/2	4/4	2	1	1/8	1/8	1		7	61	1008
613/2	0.5	77	77	5/8	5/8	4/4	2	1	1/8	1/8	1		8	56	1009
307	0.5	77	77	3/4	3/4	4/4	2	1	1/8	1/8	1		4	52	1010
307	1.0	77	77	3/4	3/4	4/4	1	1	1/4	1/4	1		7	61	1003
615/2	0.5	77	77	7/8	7/8	4/4	2	1	1/8	1/8	1		7	49	1011
308	0.5	78	78	0	0	4/4	2	1	1/8	1/8	1		4	40	1022
308	0.5	78	78	0	0	4/4	1	1	1/8	1/8	1		5	59	1012
617/2	0.5	78	78	1/8	1/8	4/4	2	1	1/8	1/8	1		5	47	1023
309	0.5	78	78	1/4	1/4	4/4	2	1	1/8	1/8	1		4	52	1024
309	0.3333333333333333	78	78	1/4	1/4	4/4	1	1	1/12	1/8	2/3		4	76	1013
928/3	0.3333333333333333	78	78	1/3	1/3	4/4	1	1	1/12	1/8	2/3		6	78	1014
619/2	0.5	78	78	3/8	3/8	4/4	2	1	1/8	1/8	1		8	56	1025
929/3	0.3333333333333333	78	78	5/12	5/12	4/4	1	1	1/12	1/8	2/3		7	73	1015
310	0.5	78	78	1/2	1/2	4/4	2	1	1/8	1/8	1		5	59	1026
310	0.3333333333333333	78	78	1/2	1/2	4/4	1	1	1/12	1/8	2/3		4	76	1016
931/3	0.3333333333333333	78	78	7/12	7/12	4/4	1	1	1/12	1/8	2/3		5	71	1017
621/2	0.5	78	78	5/8	5/8	4/4	2	1	1/8	1/8	1		8	56	1027
932/3	0.3333333333333333	78	78	2/3	2/3	4/4	1	1	1/12	1/8	2/3		7	73	1018
311	0.5	78	78	3/4	3/4	4/4	2	1	1/8	1/8	1		4	52	1028
311	0.3333333333333333	78	78	3/4	3/4	4/4	1	1	1/12	1/8	2/3		8	68	1019
934/3	0.3333333333333333	78	78	5/6	5/6	4/4	1	1	1/12	1/8	2/3		5	71	1020
623/2	0.5	78	78	7/8	7/8	4/4	2	1	1/8	1/8	1		5	47	1029
935/3	0.3333333333333333	78	78	11/12	11/12	4/4	1	1	1/12	1/8	2/3		6	66	1021
312	0.5	79	79	0	0	4/4	2	1	1/8	1/8	1		4	40	1035
312	0.3333333333333333	79	79	0	0	4/4	1	1	1/12	1/8	2/3		8	68	1030
937/3	0.3333333333333333	79	79	1/12	1/12	4/4	1	1	1/12	1/8	2/3		4	64	1031
625/2	0.5	79	79	1/8	1/8	4/4	2	1	1/8	1/8	1		7	49	1036
938/3	0.3333333333333333	79	79	1/6	1/6	4/4	1	1	1/12	1/8	2/3		8	68	1032
313	0.5	79	79	1/4	1/4	4/4	2	1	1/8	1/8	1		4	52	1037
313	2.0	79	79	1/4	1/4	4/4	1	1	1/2	1/2	1		9	63	1033
627/2	0.5	79	79	3/8	3/8	4/4	2	1	1/8	1/8	1		8	56	1038
314	0.5	79	79	1/2	1/2	4/4	2	1	1/8	1/8	1		7	61	1039
629/2	0.5	79	79	5/8	5/8	4/4	2	1	1/8	1/8	1		8	56	1040
315	0.5	79	79	3/4	3/4	4/4	2	1	1/8	1/8	1		4	52	1041
315	1.0	79	79	3/4	3/4	4/4	1	1	1/4	1/4	1		7	61	1034
631/2	0.5	79	79	7/8	7/8	4/4	2	1	1/8	1/8	1		7	49	1042
316	0.5	80	80	0	0	4/4	2	1	1/8	1/8	1		6	42	1051
316	0.3333333333333333	80	80	0	0	4/4	1	1	1/12	1/8	2/3		5	59	1043
949/3	0.3333333333333333	80	80	1/12	1/12	4/4	1	1	1/12	1/8	2/3		3	57	1044
633/2	0.5	80	80	1/8	1/8	4/4	2	1	1/8	1/8	1		7	49	1052
950/3	0.3333333333333333	80	80	1/6	1/6	4/4	1	1	1/12	1/8	2/3		5	59	1045
317	0.5	80	80	1/4	1/4	4/4	2	1	1/8	1/8	1		4	52	1053
317	1.0	80	80	1/4	1/4	4/4	1	1	1/4	1/4	1	1	7	61	1046
635/2	0.5	80	80	3/8	3/8	4/4	2	1	1/8	1/8	1		6	54	1054
318	0.5	80	80	1/2	1/2	4/4	2	1	1/8	1/8	1		3	57	1055
318	0.5	80	80	1/2	1/2	4/4	1	1	1/8	1/8	1	-1	7	61	1047
637/2	0.5	80	80	5/8	5/8	4/4	2	1	1/8	1/8	1		6	54	1056
637/2	0.5	80	80	5/8	5/8	4/4	1	1	1/8	1/8	1		4	64	1048
319	0.5	80	80	3/4	3/4	4/4	2	1	1/8	1/8	1		4	52	1057
319	0.5	80	80	3/4	3/4	4/4	1	1	1/8	1/8	1		9	63	1049
639/2	0.5	80	80	7/8	7/8	4/4	2	1	1/8	1/8	1		7	49	1058
639/2	0.5	80	80	7/8	7/8	4/4	1	1	1/8	1/8	1		4	64	1050
320	0.5	81	81	0	0	4/4	2	1	1/8	1/8	1		8	44	1062
320	1.0	81	81	0	0	4/4	1	1	1/4	1/4	1		7	61	1059
641/2	0.5	81	81	1/8	1/8	4/4	2	1	1/8	1/8	1		7	49	1063
321	0.5	81	81	1/4	1/4	4/4	2	1	1/8	1/8	1		4	52	1064
321	2.0	81	81	1/4	1/4	4/4	1	1	1/2	1/2	1		8	68	1060
643/2	0.5	81	81	3/8	3/8	4/4	2	1	1/8	1/8	1		8	56	1065
322	0.5	81	81	1/2	1/2	4/4	2	1	1/8	1/8	1		5	59	1066
645/2	0.5	81	81	5/8	5/8	4/4	2	1	1/8	1/8	1		8	56	1067
323	0.5	81	81	3/4	3/4	4/4	2	1	1/8	1/8	1		4	52	1068
323	1.0	81	81	3/4	3/4	4/4	1	1	1/4	1/4	1		4	64	1061
647/2	0.5	81	81	7/8	7/8	4/4	2	1	1/8	1/8	1		7	49	1069
324	0.5	82	82	0	0	4/4	2	1	1/8	1/8	1		3	45	1078
324	0.3333333333333333	82	82	0	0	4/4	1	1	1/12	1/8	2/3		9	63	1070
973/3	0.3333333333333333	82	82	1/12	1/12	4/4	1	1	1/12	1/8	2/3		7	61	1071
649/2	0.5	82	82	1/8	1/8	4/4	2	1	1/8	1/8	1		4	52	1079
974/3	0.3333333333333333	82	82	1/6	1/6	4/4	1	1	1/12	1/8	2/3		9	63	1072
325	0.5	82	82	1/4	1/4	4/4	2	1	1/8	1/8	1		6	54	1080
325	1.0	82	82	1/4	1/4	4/4	1	1	1/4	1/4	1	1	4	64	1073
651/2	0.5	82	82	3/8	3/8	4/4	2	1	1/8	1/8	1		3	57	1081
326	0.5	82	82	1/2	1/2	4/4	2	1	1/8	1/8	1		7	61	1082
326	0.5	82	82	1/2	1/2	4/4	1	1	1/8	1/8	1	-1	4	64	1074
653/2	0.5	82	82	5/8	5/8	4/4	2	1	1/8	1/8	1		3	57	1083
653/2	0.5	82	82	5/8	5/8	4/4	1	1	1/8	1/8	1		8	68	1075
327	0.5	82	82	3/4	3/4	4/4	2	1	1/8	1/8	1		6	54	1084
327	0.5	82	82	3/4	3/4	4/4	1	1	1/8	1/8	1		6	66	1076
655/2	0.5	82	82	7/8	7/8	4/4	2	1	1/8	1/8	1		4	52	1085
655/2	0.5	82	82	7/8	7/8	4/4	1	1	1/8	1/8	1		8	68	1077
328	0.5	83	83	0	0	4/4	2	1	1/8	1/8	1		10	46	1091
328	1.0	83	83	0	0	4/4	1	1	1/4	1/4	1		4	64	1086
657/2	0.5	83	83	1/8	1/8	4/4	2	1	1/8	1/8	1		4	52	1092
329	0.5	83	83	1/4	1/4	4/4	2	1	1/8	1/8	1		8	56	1093
329	2.0	83	83	1/4	1/4	4/4	1	1	1/2	1/2	1		7	73	1087
659/2	0.5	83	83	3/8	3/8	4/4	2	1	1/8	1/8	1		7	61	1094
330	0.5	83	83	1/2	1/2	4/4	2	1	1/8	1/8	1		7	49	1095
661/2	0.5	83	83	5/8	5/8	4/4	2	1	1/8	1/8	1		6	54	1096
331	0.5	83	83	3/4	3/4	4/4	2	1	1/8	1/8	1		10	58	1097
331	0.3333333333333333	83	83	3/4	3/4	4/4	1	1	1/12	1/8	2/3		10	70	1088
994/3	0.3333333333333333	83	83	5/6	5/6	4/4	1	1	1/12	1/8	2/3		7	73	1089
663/2	0.5	83	83	7/8	7/8	4/4	2	1	1/8	1/8	1		4	64	1098
995/3	0.3333333333333333	83	83	11/12	11/12	4/4	1	1	1/12	1/8	2/3		10	70	1090
332	0.5	84	84	0	0	4/4	2	1	1/8	1/8	1		4	52	1104
332	1.0	84	84	0	0	4/4	1	1	1/4	1/4	1		8	68	1099
665/2	0.5	84	84	1/8	1/8	4/4	2	1	1/8	1/8	1		10	58	1105
333	0.5	84	84	1/4	1/4	4/4	2	1	1/8	1/8	1		7	61	1106
333	2.0	84	84	1/4	1/4	4/4	1	1	1/2	1/2	1		4	76	1100
667/2	0.5	84	84	3/8	3/8	4/4	2	1	1/8	1/8	1		8	68	1107
334	0.5	84	84	1/2	1/2	4/4	2	1	1/8	1/8	1		6	54	1108
669/2	0.5	84	84	5/8	5/8	4/4	2	1	1/8	1/8	1		7	61	1109
335	0.5	84	84	3/4	3/4	4/4	2	1	1/8	1/8	1		4	64	1110
335	0.3333333333333333	84	84	3/4	3/4	4/4	1	1	1/12	1/8	2/3		7	73	1101
1006/3	0.3333333333333333	84	84	5/6	5/6	4/4	1	1	1/12	1/8	2/3		4	76	1102
671/2	0.5	84	84	7/8	7/8	4/4	2	1	1/8	1/8	1		10	70	1111
1007/3	0.3333333333333333	84	84	11/12	11/12	4/4	1	1	1/12	1/8	2/3		7	73	1103
336	0.5	85	85	0	0	4/4	2	1	1/8	1/8	1		10	58	1116
336	1.5	85	85	0	0	4/4	1	1	3/8	1/4	3/2		8	80	1112
673/2	0.5	85	85	1/8	1/8	4/4	2	1	1/8	1/8	1		4	64	1117
337	0.5	85	85	1/4	1/4	4/4	2	1	1/8	1/8	1		8	68	1118
675/2	0.5	85	85	3/8	3/8	4/4	2	1	1/8	1/8	1		7	73	1119
675/2	0.5	85	85	3/8	3/8	4/4	1	1	1/8	1/8	1		6	78	1113
338	0.5	85	85	1/2	1/2	4/4	2	1	1/8	1/8	1		7	61	1120
338	1.5	85	85	1/2	1/2	4/4	1	1	3/8	1/4	3/2		8	80	1114
677/2	0.5	85	85	5/8	5/8	4/4	2	1	1/8	1/8	1		6	66	1121
339	0.5	85	85	3/4	3/4	4/4	2	1	1/8	1/8	1		10	70	1122
679/2	0.5	85	85	7/8	7/8	4/4	2	1	1/8	1/8	1		4	76	1123
679/2	0.5	85	85	7/8	7/8	4/4	1	1	1/8	1/8	1		6	78	1115
340	0.5	86	86	0	0	4/4	2	1	1/8	1/8	1		10	58	1129
340	1.5	86	86	0	0	4/4	1	1	3/8	1/4	3/2		8	80	1124
681/2	0.5	86	86	1/8	1/8	4/4	2	1	1/8	1/8	1		4	64	1130
341	0.5	86	86	1/4	1/4	4/4	2	1	1/8	1/8	1		8	68	1131
683/2	0.5	86	86	3/8	3/8	4/4	2	1	1/8	1/8	1		7	73	1132
683/2	0.5	86	86	3/8	3/8	4/4	1	1	1/8	1/8	1		6	78	1125
342	0.5	86	86	1/2	1/2	4/4	2	1	1/8	1/8	1		7	61	1133
342	0.5	86	86	1/2	1/2	4/4	1	1	1/8	1/8	1		8	80	1126
685/2	0.5	86	86	5/8	5/8	4/4	2	1	1/8	1/8	1		6	66	1134
685/2	1.0	86	86	5/8	5/8	4/4	1	1	1/4	1/4	1		6	78	1127
343	0.5	86	86	3/4	3/4	4/4	2	1	1/8	1/8	1		10	70	1135
687/2	0.5	86	86	7/8	7/8	4/4	2	1	1/8	1/8	1		4	76	1136
687/2	0.5	86	86	7/8	7/8	4/4	1	1	1/8	1/8	1		8	80	1128
344	0.3333333333333333	87	87	0	0	4/4	2	1	1/12	1/8	2/3		7	61	1139
344	2.0	87	87	0	0	4/4	1	1	1/2	1/2	1		3	81	1137
1033/3	0.3333333333333333	87	87	1/12	1/12	4/4	2	1	1/12	1/8	2/3		4	64	1140
1034/3	0.3333333333333333	87	87	1/6	1/6	4/4	2	1	1/12	1/8	2/3		3	69	1141
345	0.3333333333333333	87	87	1/4	1/4	4/4	2	2	1/12	1/8	2/3		7	73	1145
1036/3	0.3333333333333333	87	87	1/3	1/3	4/4	2	2	1/12	1/8	2/3		4	76	1146
1037/3	0.3333333333333333	87	87	5/12	5/12	4/4	2	2	1/12	1/8	2/3		6	78	1147
346	0.3333333333333333	87	87	1/2	1/2	4/4	2	2	1/12	1/8	2/3		8	80	1148
346	2.0	87	87	1/2	1/2	4/4	1	1	1/2	1/2	1		8	80	1138
1039/3	0.3333333333333333	87	87	7/12	7/12	4/4	2	2	1/12	1/8	2/3		9	75	1149
1040/3	0.3333333333333333	87	87	2/3	2/3	4/4	2	2	1/12	1/8	2/3		5	71	1150
347	0.3333333333333333	87	87	3/4	3/4	4/4	2	1	1/12	1/8	2/3		8	68	1142
1042/3	0.3333333333333333	87	87	5/6	5/6	4/4	2	1	1/12	1/8	2/3		9	63	1143
1043/3	0.3333333333333333	87	87	11/12	11/12	4/4	2	1	1/12	1/8	2/3		5	59	1144
348	0.3333333333333333	88	88	0	0	4/4	2	1	1/12	1/8	2/3		3	57	1153
348	2.0	88	88	0	0	4/4	1	1	1/2	1/2	1		6	78	1151
1045/3	0.3333333333333333	88	88	1/12	1/12	4/4	2	1	1/12	1/8	2/3		7	61	1154
1046/3	0.3333333333333333	88	88	1/6	1/6	4/4	2	1	1/12	1/8	2/3		6	66	1155
349	0.3333333333333333	88	88	1/4	1/4	4/4	2	2	1/12	1/8	2/3		3	69	1159
1048/3	0.3333333333333333	88	88	1/3	1/3	4/4	2	2	1/12	1/8	2/3		7	73	1160
1049/3	0.3333333333333333	88	88	5/12	5/12	4/4	2	2	1/12	1/8	2/3		9	75	1161
350	0.3333333333333333	88	88	1/2	1/2	4/4	2	2	1/12	1/8	2/3		4	76	1162
350	2.0	88	88	1/2	1/2	4/4	1	1	1/2	1/2	1		4	76	1152
1051/3	0.3333333333333333	88	88	7/12	7/12	4/4	2	2	1/12	1/8	2/3		5	71	1163
1052/3	0.3333333333333333	88	88	2/3	2/3	4/4	2	2	1/12	1/8	2/3		8	68	1164
351	0.3333333333333333	88	88	3/4	3/4	4/4	2	1	1/12	1/8	2/3		4	64	1156
1054/3	0.3333333333333333	88	88	5/6	5/6	4/4	2	1	1/12	1/8	2/3		5	59	1157
1055/3	0.3333333333333333	88	88	11/12	11/12	4/4	2	1	1/12	1/8	2/3		8	56	1158
352	0.3333333333333333	89	89	0	0	4/4	2	1	1/12	1/8	2/3		7	61	1174
352	1.0	89	89	0	0	4/4	1	1	1/4	1/4	1		3	81	1165
1057/3	0.3333333333333333	89	89	1/12	1/12	4/4	2	1	1/12	1/8	2/3		4	64	1175
1058/3	0.3333333333333333	89	89	1/6	1/6	4/4	2	1	1/12	1/8	2/3		3	69	1176
353	0.3333333333333333	89	89	1/4	1/4	4/4	2	1	1/12	1/8	2/3		7	73	1177
353	1.0	89	89	1/4	1/4	4/4	1	2	1/4	1/4	1		4	76	1172
353	0.5	89	89	1/4	1/4	4/4	1	1	1/8	1/8	1		5	83	1166
1060/3	0.3333333333333333	89	89	1/3	1/3	4/4	2	1	1/12	1/8	2/3		3	69	1178
707/2	0.5	89	89	3/8	3/8	4/4	1	1	1/8	1/8	1		7	85	1167
1061/3	0.3333333333333333	89	89	5/12	5/12	4/4	2	1	1/12	1/8	2/3		4	64	1179
354	0.3333333333333333	89	89	1/2	1/2	4/4	2	1	1/12	1/8	2/3		5	59	1180
354	0.5	89	89	1/2	1/2	4/4	1	1	1/8	1/8	1		3	81	1168
1063/3	0.3333333333333333	89	89	7/12	7/12	4/4	2	1	1/12	1/8	2/3		9	63	1181
709/2	0.5	89	89	5/8	5/8	4/4	1	1	1/8	1/8	1		8	80	1169
1064/3	0.3333333333333333	89	89	2/3	2/3	4/4	2	1	1/12	1/8	2/3		8	68	1182
355	0.3333333333333333	89	89	3/4	3/4	4/4	2	1	1/12	1/8	2/3		5	71	1183
355	1.0	89	89	3/4	3/4	4/4	1	2	1/4	1/4	1		9	75	1173
355	0.5	89	89	3/4	3/4	4/4	1	1	1/8	1/8	1		3	81	1170
1066/3	0.3333333333333333	89	89	5/6	5/6	4/4	2	1	1/12	1/8	2/3		8	68	1184
711/2	0.5	89	89	7/8	7/8	4/4	1	1	1/8	1/8	1	1	8	80	1171
1067/3	0.3333333333333333	89	89	11/12	11/12	4/4	2	1	1/12	1/8	2/3		9	63	1185
356	0.3333333333333333	90	90	0	0	4/4	2	1	1/12	1/8	2/3		3	57	1192
356	2.0	90	90	0	0	4/4	1	2	1/2	1/2	1		7	73	1190
356	1.0	90	90	0	0	4/4	1	1	1/4	1/4	1	-1	8	80	1186
1069/3	0.3333333333333333	90	90	1/12	1/12	4/4	2	1	1/12	1/8	2/3		7	61	1193
1070/3	0.3333333333333333	90	90	1/6	1/6	4/4	2	1	1/12	1/8	2/3		6	66	1194
357	0.3333333333333333	90	90	1/4	1/4	4/4	2	1	1/12	1/8	2/3		3	69	1195
357	1.0	90	90	1/4	1/4	4/4	1	1	1/4	1/4	1	1	6	78	1187
1072/3	0.3333333333333333	90	90	1/3	1/3	4/4	2	1	1/12	1/8	2/3		6	66	1196
1073/3	0.3333333333333333	90	90	5/12	5/12	4/4	2	1	1/12	1/8	2/3		7	61	1197
358	0.3333333333333333	90	90	1/2	1/2	4/4	2	1	1/12	1/8	2/3		8	56	1198
358	2.0	90	90	1/2	1/2	4/4	1	2	1/2	1/2	1		5	71	1191
358	1.0	90	90	1/2	1/2	4/4	1	1	1/4	1/4	1	-1	6	78	1188
1075/3	0.3333333333333333	90	90	7/12	7/12	4/4	2	1	1/12	1/8	2/3		5	59	1199
1076/3	0.3333333333333333	90	90	2/3	2/3	4/4	2	1	1/12	1/8	2/3		4	64	1200
359	0.3333333333333333	90	90	3/4	3/4	4/4	2	1	1/12	1/8	2/3		8	68	1201
359	1.0	90	90	3/4	3/4	4/4	1	1	1/4	1/4	1	1	4	76	1189
1078/3	0.3333333333333333	90	90	5/6	5/6	4/4	2	1	1/12	1/8	2/3		4	64	1202
1079/3	0.3333333333333333	90	90	11/12	11/12	4/4	2	1	1/12	1/8	2/3		5	59	1203
360	0.3333333333333333	91	91	0	0	4/4	2	1	1/12	1/8	2/3		6	54	1214
360	2.0	91	91	0	0	4/4	2	2	1/2	1/2	1		6	54	1226
360	0.5	91	91	0	0	4/4	1	1	1/8	1/8	1	-1	4	76	1204
1081/3	0.3333333333333333	91	91	1/12	1/12	4/4	2	1	1/12	1/8	2/3		3	57	1215
721/2	0.5	91	91	1/8	1/8	4/4	1	1	1/8	1/8	1		2	74	1205
1082/3	0.3333333333333333	91	91	1/6	1/6	4/4	2	1	1/12	1/8	2/3		2	62	1216
361	0.3333333333333333	91	91	1/4	1/4	4/4	2	1	1/12	1/8	2/3		6	66	1217
361	1.0	91	91	1/4	1/4	4/4	1	2	1/4	1/4	1		3	69	1212
361	0.5	91	91	1/4	1/4	4/4	1	1	1/8	1/8	1		4	76	1206
1084/3	0.3333333333333333	91	91	1/3	1/3	4/4	2	1	1/12	1/8	2/3		2	62	1218
723/2	0.5	91	91	3/8	3/8	4/4	1	1	1/8	1/8	1		6	78	1207
1085/3	0.3333333333333333	91	91	5/12	5/12	4/4	2	1	1/12	1/8	2/3		3	57	1219
362	0.3333333333333333	91	91	1/2	1/2	4/4	2	1	1/12	1/8	2/3		4	52	1220
362	2.0	91	91	1/2	1/2	4/4	2	2	1/2	1/2	1		4	52	1227
362	0.5	91	91	1/2	1/2	4/4	1	1	1/8	1/8	1		2	74	1208
1087/3	0.3333333333333333	91	91	7/12	7/12	4/4	2	1	1/12	1/8	2/3		8	56	1221
725/2	0.5	91	91	5/8	5/8	4/4	1	1	1/8	1/8	1		7	73	1209
1088/3	0.3333333333333333	91	91	2/3	2/3	4/4	2	1	1/12	1/8	2/3		7	61	1222
363	0.3333333333333333	91	91	3/4	3/4	4/4	2	1	1/12	1/8	2/3		4	64	1223
363	1.0	91	91	3/4	3/4	4/4	1	2	1/4	1/4	1		8	68	1213
363	0.5	91	91	3/4	3/4	4/4	1	1	1/8	1/8	1		2	74	1210
1090/3	0.3333333333333333	91	91	5/6	5/6	4/4	2	1	1/12	1/8	2/3		7	61	1224
727/2	0.5	91	91	7/8	7/8	4/4	1	1	1/8	1/8	1	1	7	73	1211
1091/3	0.3333333333333333	91	91	11/12	11/12	4/4	2	1	1/12	1/8	2/3		8	56	1225
364	0.3333333333333333	92	92	0	0	4/4	2	1	1/12	1/8	2/3		2	50	1233
364	2.0	92	92	0	0	4/4	2	2	1/2	1/2	1		2	50	1245
364	2.0	92	92	0	0	4/4	1	2	1/2	1/2	1		6	66	1231
364	1.0	92	92	0	0	4/4	1	1	1/4	1/4	1	-1	7	73	1228
1093/3	0.3333333333333333	92	92	1/12	1/12	4/4	2	1	1/12	1/8	2/3		6	54	1234
1094/3	0.3333333333333333	92	92	1/6	1/6	4/4	2	1	1/12	1/8	2/3		5	59	1235
365	0.3333333333333333	92	92	1/4	1/4	4/4	2	1	1/12	1/8	2/3		2	62	1236
365	2.0	92	92	1/4	1/4	4/4	1	1	1/2	1/2	1		5	71	1229
1096/3	0.3333333333333333	92	92	1/3	1/3	4/4	2	1	1/12	1/8	2/3		5	59	1237
1097/3	0.3333333333333333	92	92	5/12	5/12	4/4	2	1	1/12	1/8	2/3		6	54	1238
366	0.3333333333333333	92	92	1/2	1/2	4/4	2	1	1/12	1/8	2/3		7	49	1239
366	2.0	92	92	1/2	1/2	4/4	2	2	1/2	1/2	1		7	49	1246
366	2.0	92	92	1/2	1/2	4/4	1	2	1/2	1/2	1		4	64	1232
1099/3	0.3333333333333333	92	92	7/12	7/12	4/4	2	1	1/12	1/8	2/3		4	52	1240
1100/3	0.3333333333333333	92	92	2/3	2/3	4/4	2	1	1/12	1/8	2/3		3	57	1241
367	0.3333333333333333	92	92	3/4	3/4	4/4	2	1	1/12	1/8	2/3		7	61	1242
367	1.0	92	92	3/4	3/4	4/4	1	1	1/4	1/4	1	1	3	69	1230
1102/3	0.3333333333333333	92	92	5/6	5/6	4/4	2	1	1/12	1/8	2/3		3	57	1243
1103/3	0.3333333333333333	92	92	11/12	11/12	4/4	2	1	1/12	1/8	2/3		4	52	1244
368	0.3333333333333333	93	93	0	0	4/4	2	1	1/12	1/8	2/3		5	47	1256
368	2.0	93	93	0	0	4/4	2	2	1/2	1/2	1		5	47	1268
368	2.0	93	93	0	0	4/4	1	2	1/2	1/2	1		2	62	1254
368	0.5	93	93	0	0	4/4	1	1	1/8	1/8	1	-1	3	69	1247
1105/3	0.3333333333333333	93	93	1/12	1/12	4/4	2	1	1/12	1/8	2/3		11	53	1257
737/2	0.5	93	93	1/8	1/8	4/4	1	1	1/8	1/8	1		8	68	1248
1106/3	0.3333333333333333	93	93	1/6	1/6	4/4	2	1	1/12	1/8	2/3		8	56	1258
369	0.3333333333333333	93	93	1/4	1/4	4/4	2	1	1/12	1/8	2/3		5	59	1259
369	0.5	93	93	1/4	1/4	4/4	1	1	1/8	1/8	1		3	69	1249
1108/3	0.3333333333333333	93	93	1/3	1/3	4/4	2	1	1/12	1/8	2/3		8	56	1260
739/2	0.5	93	93	3/8	3/8	4/4	1	1	1/8	1/8	1		8	68	1250
1109/3	0.3333333333333333	93	93	5/12	5/12	4/4	2	1	1/12	1/8	2/3		11	53	1261
370	0.3333333333333333	93	93	1/2	1/2	4/4	2	1	1/12	1/8	2/3		3	45	1262
370	2.0	93	93	1/2	1/2	4/4	2	2	1/2	1/2	1		3	45	1269
370	2.0	93	93	1/2	1/2	4/4	1	2	1/2	1/2	1		7	61	1255
370	0.5	93	93	1/2	1/2	4/4	1	1	1/8	1/8	1		7	73	1251
1111/3	0.3333333333333333	93	93	7/12	7/12	4/4	2	1	1/12	1/8	2/3		7	49	1263
741/2	0.5	93	93	5/8	5/8	4/4	1	1	1/8	1/8	1		3	69	1252
1112/3	0.3333333333333333	93	93	2/3	2/3	4/4	2	1	1/12	1/8	2/3		6	54	1264
371	0.3333333333333333	93	93	3/4	3/4	4/4	2	1	1/12	1/8	2/3		3	57	1265
371	1.0	93	93	3/4	3/4	4/4	1	1	1/4	1/4	1	1	6	66	1253
1114/3	0.3333333333333333	93	93	5/6	5/6	4/4	2	1	1/12	1/8	2/3		6	54	1266
1115/3	0.3333333333333333	93	93	11/12	11/12	4/4	2	1	1/12	1/8	2/3		7	49	1267
372	0.3333333333333333	94	94	0	0	2/4	2	1	1/12	1/8	2/3		8	44	1275
372	2.0	94	94	0	0	2/4	2	2	1/2	1/2	1		8	44	1281
372	2.0	94	94	0	0	2/4	1	2	1/2	1/2	1		5	59	1274
372	0.5	94	94	0	0	2/4	1	1	1/8	1/8	1	-1	6	66	1270
1117/3	0.3333333333333333	94	94	1/12	1/12	2/4	2	1	1/12	1/8	2/3		5	47	1276
745/2	0.5	94	94	1/8	1/8	2/4	1	1	1/8	1/8	1		4	64	1271
1118/3	0.3333333333333333	94	94	1/6	1/6	2/4	2	1	1/12	1/8	2/3		4	52	1277
373	0.3333333333333333	94	94	1/4	1/4	2/4	2	1	1/12	1/8	2/3		8	56	1278
373	0.5	94	94	1/4	1/4	2/4	1	1	1/8	1/8	1		6	66	1272
1120/3	0.3333333333333333	94	94	1/3	1/3	2/4	2	1	1/12	1/8	2/3		4	52	1279
747/2	0.5	94	94	3/8	3/8	2/4	1	1	1/8	1/8	1		4	64	1273
1121/3	0.3333333333333333	94	94	5/12	5/12	2/4	2	1	1/12	1/8	2/3		5	47	1280
374	0.3333333333333333	95	95	0	0	4/4	2	1	1/12	1/8	2/3		6	42	1284
374	4.0	95	95	0	0	4/4	1	1	1	1	1		3	69	1282
374	4.0	95	95	0	0	4/4	1	2	1	1	1		3	69	1283
1123/3	0.3333333333333333	95	95	1/12	1/12	4/4	2	1	1/12	1/8	2/3		7	49	1285
1124/3	0.3333333333333333	95	95	1/6	1/6	4/4	2	1	1/12	1/8	2/3		4	52	1286
375	0.3333333333333333	95	95	1/4	1/4	4/4	2	1	1/12	1/8	2/3		6	54	1287
1126/3	0.3333333333333333	95	95	1/3	1/3	4/4	2	1	1/12	1/8	2/3		3	57	1288
1127/3	0.3333333333333333	95	95	5/12	5/12	4/4	2	1	1/12	1/8	2/3		5	59	1289
376	0.3333333333333333	95	95	1/2	1/2	4/4	2	1	1/12	1/8	2/3		7	61	1290
1129/3	0.3333333333333333	95	95	7/12	7/12	4/4	2	1	1/12	1/8	2/3		4	64	1291
1130/3	0.3333333333333333	95	95	2/3	2/3	4/4	2	1	1/12	1/8	2/3		3	69	1292
377	0.3333333333333333	95	95	3/4	3/4	4/4	2	1	1/12	1/8	2/3		5	71	1293
1132/3	0.3333333333333333	95	95	5/6	5/6	4/4	2	1	1/12	1/8	2/3		7	73	1294
1133/3	0.3333333333333333	95	95	11/12	11/12	4/4	2	1	1/12	1/8	2/3		4	76	1295
378	0.3333333333333333	96	96	0	0	4/4	1	1	1/12	1/8	2/3		3	81	1296
1135/3	0.3333333333333333	96	96	1/12	1/12	4/4	1	1	1/12	1/8	2/3		5	83	1297
1136/3	0.3333333333333333	96	96	1/6	1/6	4/4	1	1	1/12	1/8	2/3		7	85	1298
379	0.3333333333333333	96	96	1/4	1/4	4/4	1	1	1/12	1/8	2/3		4	88	1299
1138/3	0.3333333333333333	96	96	1/3	1/3	4/4	1	1	1/12	1/8	2/3		7	85	1300
1139/3	0.3333333333333333	96	96	5/12	5/12	4/4	1	1	1/12	1/8	2/3		5	83	1301
380	0.3333333333333333	96	96	1/2	1/2	4/4	1	1	1/12	1/8	2/3		3	81	1302
1141/3	0.3333333333333333	96	96	7/12	7/12	4/4	1	1	1/12	1/8	2/3		4	76	1303
1142/3	0.3333333333333333	96	96	2/3	2/3	4/4	1	1	1/12	1/8	2/3		7	73	1304
381	0.3333333333333333	96	96	3/4	3/4	4/4	1	1	1/12	1/8	2/3		5	71	1305
1144/3	0.3333333333333333	96	96	5/6	5/6	4/4	1	1	1/12	1/8	2/3		3	69	1306
1145/3	0.3333333333333333	96	96	11/12	11/12	4/4	1	1	1/12	1/8	2/3		4	64	1307
382	0.3333333333333333	97	97	0	0	4/4	2	1	1/12	1/8	2/3		5	35	1309
382	4.0	97	97	0	0	4/4	1	1	1	1	1		8	68	1308
1147/3	0.3333333333333333	97	97	1/12	1/12	4/4	2	1	1/12	1/8	2/3		5	47	1310
1148/3	0.3333333333333333	97	97	1/6	1/6	4/4	2	1	1/12	1/8	2/3		9	51	1311
383	0.3333333333333333	97	97	1/4	1/4	4/4	2	1	1/12	1/8	2/3		8	56	1312
1150/3	0.3333333333333333	97	97	1/3	1/3	4/4	2	1	1/12	1/8	2/3		5	59	1313
1151/3	0.3333333333333333	97	97	5/12	5/12	4/4	2	1	1/12	1/8	2/3		9	63	1314
384	0.3333333333333333	97	97	1/2	1/2	4/4	2	1	1/12	1/8	2/3		8	68	1315
1153/3	0.3333333333333333	97	97	7/12	7/12	4/4	2	1	1/12	1/8	2/3		5	71	1316
1154/3	0.3333333333333333	97	97	2/3	2/3	4/4	2	1	1/12	1/8	2/3		9	75	1317
385	0.3333333333333333	97	97	3/4	3/4	4/4	2	1	1/12	1/8	2/3		8	80	1318
1156/3	0.3333333333333333	97	97	5/6	5/6	4/4	2	1	1/12	1/8	2/3		5	83	1319
1157/3	0.3333333333333333	97	97	11/12	11/12	4/4	2	1	1/12	1/8	2/3		7	73	1320
386	0.3333333333333333	98	98	0	0	4/4	2	1	1/12	1/8	2/3		5	35	1322
386	4.0	98	98	0	0	4/4	1	1	1	1	1		6	66	1321
1159/3	0.3333333333333333	98	98	1/12	1/12	4/4	2	1	1/12	1/8	2/3		5	47	1323
1160/3	0.3333333333333333	98	98	1/6	1/6	4/4	2	1	1/12	1/8	2/3		9	51	1324
387	0.3333333333333333	98	98	1/4	1/4	4/4	2	1	1/12	1/8	2/3		3	57	1325
1162/3	0.3333333333333333	98	98	1/3	1/3	4/4	2	1	1/12	1/8	2/3		5	59	1326
1163/3	0.3333333333333333	98	98	5/12	5/12	4/4	2	1	1/12	1/8	2/3		9	63	1327
388	0.3333333333333333	98	98	1/2	1/2	4/4	2	1	1/12	1/8	2/3		3	69	1328
1165/3	0.3333333333333333	98	98	7/12	7/12	4/4	2	1	1/12	1/8	2/3		5	71	1329
1166/3	0.3333333333333333	98	98	2/3	2/3	4/4	2	1	1/12	1/8	2/3		9	75	1330
389	0.3333333333333333	98	98	3/4	3/4	4/4	2	1	1/12	1/8	2/3		3	81	1331
1168/3	0.3333333333333333	98	98	5/6	5/6	4/4	2	1	1/12	1/8	2/3		5	83	1332
1169/3	0.3333333333333333	98	98	11/12	11/12	4/4	2	1	1/12	1/8	2/3		5	71	1333
390	0.5	99	99	0	0	4/4	2	1	1/8	1/8	1		4	40	1344
390	1.0	99	99	0	0	4/4	1	1	1/4	1/4	1		4	64	1334
781/2	0.5	99	99	1/8	1/8	4/4	2	1	1/8	1/8	1		5	47	1345
391	0.5	99	99	1/4	1/4	4/4	2	1	1/8	1/8	1		4	52	1346
391	0.3333333333333333	99	99	1/4	1/4	4/4	1	1	1/12	1/8	2/3		4	88	1335
1174/3	0.3333333333333333	99	99	1/3	1/3	4/4	1	1	1/12	1/8	2/3		6	90	1336
783/2	0.5	99	99	3/8	3/8	4/4	2	1	1/8	1/8	1		8	56	1347
1175/3	0.3333333333333333	99	99	5/12	5/12	4/4	1	1	1/12	1/8	2/3		7	85	1337
392	0.5	99	99	1/2	1/2	4/4	2	1	1/8	1/8	1		5	59	1348
392	0.3333333333333333	99	99	1/2	1/2	4/4	1	1	1/12	1/8	2/3		4	88	1338
1177/3	0.3333333333333333	99	99	7/12	7/12	4/4	1	1	1/12	1/8	2/3		5	83	1339
785/2	0.5	99	99	5/8	5/8	4/4	2	1	1/8	1/8	1		8	56	1349
1178/3	0.3333333333333333	99	99	2/3	2/3	4/4	1	1	1/12	1/8	2/3		7	85	1340
393	0.5	99	99	3/4	3/4	4/4	2	1	1/8	1/8	1		4	52	1350
393	0.3333333333333333	99	99	3/4	3/4	4/4	1	1	1/12	1/8	2/3		8	80	1341
1180/3	0.3333333333333333	99	99	5/6	5/6	4/4	1	1	1/12	1/8	2/3		5	83	1342
787/2	0.5	99	99	7/8	7/8	4/4	2	1	1/8	1/8	1		5	47	1351
1181/3	0.3333333333333333	99	99	11/12	11/12	4/4	1	1	1/12	1/8	2/3		6	78	1343
394	0.5	100	100	0	0	4/4	2	1	1/8	1/8	1		4	40	1357
394	0.3333333333333333	100	100	0	0	4/4	1	1	1/12	1/8	2/3		8	80	1352
1183/3	0.3333333333333333	100	100	1/12	1/12	4/4	1	1	1/12	1/8	2/3		4	76	1353
789/2	0.5	100	100	1/8	1/8	4/4	2	1	1/8	1/8	1		7	49	1358
1184/3	0.3333333333333333	100	100	1/6	1/6	4/4	1	1	1/12	1/8	2/3		8	80	1354
395	0.5	100	100	1/4	1/4	4/4	2	1	1/8	1/8	1		4	52	1359
395	2.0	100	100	1/4	1/4	4/4	1	1	1/2	1/2	1		9	75	1355
791/2	0.5	100	100	3/8	3/8	4/4	2	1	1/8	1/8	1		8	56	1360
396	0.5	100	100	1/2	1/2	4/4	2	1	1/8	1/8	1		7	61	1361
793/2	0.5	100	100	5/8	5/8	4/4	2	1	1/8	1/8	1		8	56	1362
397	0.5	100	100	3/4	3/4	4/4	2	1	1/8	1/8	1		4	52	1363
397	1.0	100	100	3/4	3/4	4/4	1	1	1/4	1/4	1		7	73	1356
795/2	0.5	100	100	7/8	7/8	4/4	2	1	1/8	1/8	1		7	49	1364
398	0.5	101	101	0	0	4/4	2	1	1/8	1/8	1		4	40	1375
398	1.0	101	101	0	0	4/4	1	1	1/4	1/4	1		5	71	1365
797/2	0.5	101	101	1/8	1/8	4/4	2	1	1/8	1/8	1		5	47	1376
399	0.5	101	101	1/4	1/4	4/4	2	1	1/8	1/8	1		4	52	1377
399	0.3333333333333333	101	101	1/4	1/4	4/4	1	1	1/12	1/8	2/3		4	76	1366
1198/3	0.3333333333333333	101	101	1/3	1/3	4/4	1	1	1/12	1/8	2/3		6	78	1367
799/2	0.5	101	101	3/8	3/8	4/4	2	1	1/8	1/8	1		8	56	1378
1199/3	0.3333333333333333	101	101	5/12	5/12	4/4	1	1	1/12	1/8	2/3		7	73	1368
400	0.5	101	101	1/2	1/2	4/4	2	1	1/8	1/8	1		5	59	1379
400	0.3333333333333333	101	101	1/2	1/2	4/4	1	1	1/12	1/8	2/3		4	76	1369
1201/3	0.3333333333333333	101	101	7/12	7/12	4/4	1	1	1/12	1/8	2/3		5	71	1370
801/2	0.5	101	101	5/8	5/8	4/4	2	1	1/8	1/8	1		8	56	1380
1202/3	0.3333333333333333	101	101	2/3	2/3	4/4	1	1	1/12	1/8	2/3		7	73	1371
401	0.5	101	101	3/4	3/4	4/4	2	1	1/8	1/8	1		4	52	1381
401	0.3333333333333333	101	101	3/4	3/4	4/4	1	1	1/12	1/8	2/3		8	68	1372
1204/3	0.3333333333333333	101	101	5/6	5/6	4/4	1	1	1/12	1/8	2/3		5	71	1373
803/2	0.5	101	101	7/8	7/8	4/4	2	1	1/8	1/8	1		5	47	1382
1205/3	0.3333333333333333	101	101	11/12	11/12	4/4	1	1	1/12	1/8	2/3		6	66	1374
402	0.5	102	102	0	0	4/4	2	1	1/8	1/8	1		4	40	1388
402	0.3333333333333333	102	102	0	0	4/4	1	1	1/12	1/8	2/3		8	68	1383
1207/3	0.3333333333333333	102	102	1/12	1/12	4/4	1	1	1/12	1/8	2/3		4	64	1384
805/2	0.5	102	102	1/8	1/8	4/4	2	1	1/8	1/8	1		7	49	1389
1208/3	0.3333333333333333	102	102	1/6	1/6	4/4	1	1	1/12	1/8	2/3		8	68	1385
403	0.5	102	102	1/4	1/4	4/4	2	1	1/8	1/8	1		4	52	1390
403	2.0	102	102	1/4	1/4	4/4	1	1	1/2	1/2	1		9	63	1386
807/2	0.5	102	102	3/8	3/8	4/4	2	1	1/8	1/8	1		8	56	1391
404	0.5	102	102	1/2	1/2	4/4	2	1	1/8	1/8	1		7	61	1392
809/2	0.5	102	102	5/8	5/8	4/4	2	1	1/8	1/8	1		8	56	1393
405	0.5	102	102	3/4	3/4	4/4	2	1	1/8	1/8	1		4	52	1394
405	1.0	102	102	3/4	3/4	4/4	1	1	1/4	1/4	1		7	61	1387
811/2	0.5	102	102	7/8	7/8	4/4	2	1	1/8	1/8	1		7	49	1395
406	1.0	103	103	0	0	4/4	2	1	1/4	1/4	1		4	40	1404
1219/3	0.3333333333333333	103	103	1/12	1/12	4/4	1	1	1/12	1/8	2/3		5	59	1396
1220/3	0.3333333333333333	103	103	1/6	1/6	4/4	1	1	1/12	1/8	2/3		4	52	1397
407	1.0	103	103	1/4	1/4	4/4	2	1	1/4	1/4	1		5	47	1405
1222/3	0.3333333333333333	103	103	1/3	1/3	4/4	1	1	1/12	1/8	2/3		7	61	1398
1223/3	0.3333333333333333	103	103	5/12	5/12	4/4	1	1	1/12	1/8	2/3		8	56	1399
408	1.0	103	103	1/2	1/2	4/4	2	1	1/4	1/4	1		4	52	1406
1225/3	0.3333333333333333	103	103	7/12	7/12	4/4	1	1	1/12	1/8	2/3		4	64	1400
1226/3	0.3333333333333333	103	103	2/3	2/3	4/4	1	1	1/12	1/8	2/3		5	59	1401
409	1.0	103	103	3/4	3/4	4/4	2	1	1/4	1/4	1		8	56	1407
1228/3	0.3333333333333333	103	103	5/6	5/6	4/4	1	1	1/12	1/8	2/3		6	66	1402
1229/3	0.3333333333333333	103	103	11/12	11/12	4/4	1	1	1/12	1/8	2/3		7	61	1403
410	1.0	104	104	0	0	4/4	2	1	1/4	1/4	1		4	52	1416
1231/3	0.3333333333333333	104	104	1/12	1/12	4/4	1	1	1/12	1/8	2/3		5	71	1408
1232/3	0.3333333333333333	104	104	1/6	1/6	4/4	1	1	1/12	1/8	2/3		4	64	1409
411	1.0	104	104	1/4	1/4	4/4	2	1	1/4	1/4	1		5	59	1417
1234/3	0.3333333333333333	104	104	1/3	1/3	4/4	1	1	1/12	1/8	2/3		7	73	1410
1235/3	0.3333333333333333	104	104	5/12	5/12	4/4	1	1	1/12	1/8	2/3		8	68	1411
412	1.0	104	104	1/2	1/2	4/4	2	1	1/4	1/4	1		4	64	1418
1237/3	0.3333333333333333	104	104	7/12	7/12	4/4	1	1	1/12	1/8	2/3		4	76	1412
1238/3	0.3333333333333333	104	104	2/3	2/3	4/4	1	1	1/12	1/8	2/3		5	71	1413
413	1.0	104	104	3/4	3/4	4/4	2	1	1/4	1/4	1		8	68	1419
1240/3	0.3333333333333333	104	104	5/6	5/6	4/4	1	1	1/12	1/8	2/3		6	78	1414
1241/3	0.3333333333333333	104	104	11/12	11/12	4/4	1	1	1/12	1/8	2/3		7	73	1415
414	1.0	105	105	0	0	4/4	2	1	1/4	1/4	1		4	64	1428
1243/3	0.3333333333333333	105	105	1/12	1/12	4/4	1	1	1/12	1/8	2/3		5	83	1420
1244/3	0.3333333333333333	105	105	1/6	1/6	4/4	1	1	1/12	1/8	2/3		4	76	1421
415	1.0	105	105	1/4	1/4	4/4	2	1	1/4	1/4	1		5	71	1429
1246/3	0.3333333333333333	105	105	1/3	1/3	4/4	1	1	1/12	1/8	2/3		7	85	1422
1247/3	0.3333333333333333	105	105	5/12	5/12	4/4	1	1	1/12	1/8	2/3		8	80	1423
416	1.0	105	105	1/2	1/2	4/4	2	1	1/4	1/4	1		4	76	1430
1249/3	0.3333333333333333	105	105	7/12	7/12	4/4	1	1	1/12	1/8	2/3		4	88	1424
1250/3	0.3333333333333333	105	105	2/3	2/3	4/4	1	1	1/12	1/8	2/3		5	83	1425
417	1.0	105	105	3/4	3/4	4/4	2	1	1/4	1/4	1		8	80	1431
1252/3	0.3333333333333333	105	105	5/6	5/6	4/4	1	1	1/12	1/8	2/3		6	90	1426
1253/3	0.3333333333333333	105	105	11/12	11/12	4/4	1	1	1/12	1/8	2/3		7	85	1427
418	1.0	106	106	0	0	4/4	2	1	1/4	1/4	1		4	76	1435
418	1.0	106	106	0	0	4/4	2	1	1/4	1/4	1		5	83	1435
418	1.0	106	106	0	0	4/4	1	1	1/4	1/4	1		4	88	1432
418	1.0	106	106	0	0	4/4	1	1	1/4	1/4	1		8	92	1432
419	2.0	106	106	1/4	1/4	4/4	2	1	1/2	1/2	1		4	76	1436
419	2.0	106	106	1/4	1/4	4/4	2	1	1/2	1/2	1		5	83	1436
419	2.0	106	106	1/4	1/4	4/4	1	1	1/2	1/2	1		4	88	1433
419	2.0	106	106	1/4	1/4	4/4	1	1	1/2	1/2	1		8	92	1433
421	1.0	106	106	3/4	3/4	4/4	2	1	1/4	1/4	1		4	76	1437
421	1.0	106	106	3/4	3/4	4/4	2	1	1/4	1/4	1		5	83	1437
421	1.0	106	106	3/4	3/4	4/4	1	1	1/4	1/4	1		4	88	1434
421	1.0	106	106	3/4	3/4	4/4	1	1	1/4	1/4	1		8	92	1434
422	1.0	107	107	0	0	4/4	2	1	1/4	1/4	1		4	40	1439
422	1.0	107	107	0	0	4/4	2	1	1/4	1/4	1		4	52	1439
422	1.0	107	107	0	0	4/4	1	1	1/4	1/4	1		4	64	1438
